timestamp,author_name,membership,text
-6:01,AkirikA あきりか,メンバー（6 か月）,待機
-5:57,火in空虚な暗黒,メンバー（6 か月）,待機ー
-4:08,もふ水[もふみず],メンバー（6 か月）,待機～！
-2:36,サウザントほり,メンバー（6 か月）,待機ー！
-2:12,菱垣廻船,新規メンバー,待機ー！
-1:46,わっちょンネル,メンバー（6 か月）,待機～！
-0:56,賢治鉄道の夜,メンバー（2 か月）,ホットミルクで待機します
-0:54,おおばさん,メンバー（6 か月）,わくわくそわそわ
-0:36,斬鬼さん,メンバー（6 か月）,待機！
-0:35,あまなえつかさ,メンバー（6 か月）,待機
-0:32,ミーン・ショー,メンバー（6 か月）,待機
-0:22,さんかくみんおん,メンバー（6 か月）,昨日も今日もサンタさんたすかる
-0:13,Torte,メンバー（6 か月）,待機🎄
-0:01,Ariq Fajar,非メンバー,!
0:20,もふ水[もふみず],メンバー（6 か月）,きちゃ！
0:27,かたなし。,非メンバー,きた！
0:27,ミーン・ショー,メンバー（6 か月）,きちゃ
0:30,さんかくみんおん,メンバー（6 か月）,きちゃ！
0:30,えめる,非メンバー,エリークリスマス！
0:35,わっちょンネル,メンバー（6 か月）,きちゃー！
0:36,黒酢,メンバー（1 か月）,きちゃ！
0:41,あん九ろ,メンバー（6 か月）,きちゃ
0:44,おはようエストイ24,メンバー（6 か月）,きちゃ
0:45,ちい,メンバー（6 か月）,きちゃー！
0:58,ドドン,非メンバー,間に合ったー！
1:00,斬鬼さん,メンバー（6 か月）,きちゃ！
1:30,天水[あまみず]とも,メンバー（6 か月）,kitya!
1:44,かみね,メンバー（2 か月）,きちゃ
2:06,えめる,非メンバー,既に可愛い‥感謝します
2:18,えあ,新規メンバー,メリークリスマス！
2:26,Defaultie boi,非メンバー,Merry Christmas ☃️🎄☃️
2:28,賢治鉄道の夜,メンバー（2 か月）,最高のクリスマスプレゼントだ！
2:31,サウザントほり,メンバー（6 か月）,ついえら！
2:36,ミーン・ショー,メンバー（6 か月）,ついえら
2:36,ちい,メンバー（6 か月）,ついえら！
2:38,火in空虚な暗黒,メンバー（6 か月）,ついえら
2:43,もふ水[もふみず],メンバー（6 か月）,ついえら！
2:48,がおちゃ,非メンバー,えりー🌟くりすますー🎄
2:50,わっちょンネル,メンバー（6 か月）,ついえら！
2:51,かみね,メンバー（2 か月）,⛄
2:52,Kingxe,非メンバー,メリークリスマス
3:11,憂鬱なペンギン,非メンバー,エリークリスマスだー！
3:14,Ariq Fajar,非メンバー,Merry Christmas_ Eli~!
3:14,おおばさん,メンバー（6 か月）,:_elixirEli::_elixirRibon:くり:_elixirSusu:ま:_elixirSusu::_elixirRibon:！！🎄
3:15,えめる,非メンバー,エリークリスマス！
3:18,かみね,メンバー（2 か月）,🎅
3:33,わっちょンネル,メンバー（6 か月）,エリークリスマス！
3:35,さんかくみんおん,メンバー（6 か月）,:_elixirEli::_elixirRibon:クリスマス！！
3:35,斬鬼さん,メンバー（6 か月）,🦌
3:36,さくら桜,メンバー（6 か月）,メリークリスマス！
3:38,かたなし。,非メンバー,エリークリスマス！
3:52,ディバイダーCS,非メンバー,メリークリスマス🎅
4:00,ゆりね,非メンバー,メリークリスマス🎄
4:06,火in空虚な暗黒,メンバー（6 か月）,エリークリスマス！
4:10,あまなえつかさ,メンバー（6 か月）,メリークリスマスー
4:12,相沢榮子,メンバー（2 か月）,エリークリスマス！
4:12,アツシ,非メンバー,メリークリスマス
4:13,あん九ろ,メンバー（6 か月）,メリークリスマス！
4:26,酒虎shutra,新規メンバー,:_elixirEli::_elixirRibon:クリスマス🌲
4:27,RAITO,メンバー（6 か月）,メリークリスマス！！
4:30,菱垣廻船,新規メンバー,:_elixirEli::_elixirRibon:クリスマス！
4:35,大車輪,メンバー（6 か月）,メリークリスマス！ついえら！
4:35,Conbunco,メンバー（6 か月）,:_elixirEli::_elixirRibon:クリスマス
4:36,AkirikA あきりか,メンバー（6 か月）,:_elixirOoo:か:_elixirEli::_elixirRibon:
4:37,おおばさん,メンバー（6 か月）,:_elixirOoo:か:_elixirEli::_elixirRibon:クリスマスー！！
4:37,もふ水[もふみず],メンバー（6 か月）,:_elixirOoo:か:_elixirEli::_elixirRibon:クリ:_elixirSusu:マ:_elixirSusu:！
4:39,嵯城 ひたき,メンバー（6 か月）,:_elixirOoo:か:_elixirEli::_elixirRibon:
4:39,ミーン・ショー,メンバー（6 か月）,:_elixirOoo:か:_elixirEli::_elixirRibon:🎄
4:44,おはようエストイ24,メンバー（6 か月）,おかエリー！
4:45,響桜,メンバー（6 か月）,:_elixirOoo:か:_elixirEli::_elixirRibon:
4:46,えあ,新規メンバー,🎄:_elixirEli::_elixirRibon:クリスマ:_elixirSusu:!🎄
4:46,あまもーど,メンバー（6 か月）,おかエリー！
4:48,Torte,メンバー（6 か月）,:_elixirOoo:か:_elixirEli::_elixirRibon:クリスマス🎄
4:48,火in空虚な暗黒,メンバー（6 か月）,おか:_elixirEli::_elixirRibon:
4:50,かみね,メンバー（2 か月）,:_elixirWow::_elixirRibon:
4:51,マリモなまこ,メンバー（6 か月）,メリークリスマス
4:52,エリくさ〜,非メンバー,おかエリーなさい！
4:54,さんかくみんおん,メンバー（6 か月）,おかエリー！
4:54,さくら桜,メンバー（6 か月）,:_elixirOoo:か:_elixirEli::_elixirRibon:
4:56,賢治鉄道の夜,メンバー（2 か月）,おかエリーなさい！
4:59,えあ,新規メンバー,:_elixirOoo:か:_elixirEli::_elixirRibon:
5:01,憂鬱なペンギン,非メンバー,そしてエリークリスマ〜ス！
5:06,雪音トワ,非メンバー,おかエリーなさい！
5:08,斬鬼さん,メンバー（6 か月）,久々ですねー！
5:10,ぶいけー,メンバー（6 か月）,おかエリー
5:10,あん九ろ,メンバー（6 か月）,ひさしぶりー
5:13,つりねこ,非メンバー,おかエリー！
5:13,サウザントほり,メンバー（6 か月）,久々のエリーのトリクルタル島！
5:17,あまなえつかさ,メンバー（6 か月）,本当にひさしぶりw
5:18,Elvin Lazo,非メンバー,エリークリスマス!
5:21,Torte,メンバー（6 か月）,トリクルタル島久々やね
5:26,燐姫,メンバー（6 か月）,お久しぶりのエリーのトリクルタル島～
5:29,おおばさん,メンバー（6 か月）,パーティですものね！
5:31,ちい,メンバー（6 か月）,何とも言えない服装！
5:34,Torte,メンバー（6 か月）,エリークリスマス！
5:34,雪音トワ,非メンバー,エリークリスマース！
5:41,ちい,メンバー（6 か月）,:_elixirEli:くり:_elixirRibon:！
5:42,Sekito_ Pony,非メンバー,クリス…マ…ス…？ｳｯｱﾀﾏｶﾞ…
5:47,あまもーど,メンバー（6 か月）,:_elixirEli::_elixirRibon:クリスマス！
5:47,RAITO,メンバー（6 か月）,おかエリー！
5:53,賢治鉄道の夜,メンバー（2 か月）,ハッピーエリークリスマス！
5:53,酒虎shutra,新規メンバー,ハッピー:_elixirEli::_elixirRibon:クリスマース
5:54,鉄山某,非メンバー,エリークリスマス！
5:59,クーヤ,メンバー（6 か月）,おか:_elixirEli::_elixirRibon:！
6:00,嵯城 ひたき,メンバー（6 か月）,めりーくりすますー
6:04,サウザントほり,メンバー（6 か月）,だなもー
6:09,Ariq Fajar,非メンバー,ww
6:20,クーヤ,メンバー（6 か月）,ミッドナイト放送ｗｗ
6:23,アマヤ,メンバー（6 か月）,おかえりー
6:28,AkirikA あきりか,メンバー（6 か月）,この時期に！？
6:28,酒虎shutra,新規メンバー,ミッドナイト天使
6:29,サウザントほり,メンバー（6 か月）,冬に遊泳！？
6:31,黒酢,メンバー（1 か月）,この時期に？？？
6:31,ちい,メンバー（6 か月）,冬に！？
6:31,もふ水[もふみず],メンバー（6 か月）,冬の海はやばいｗ
6:31,おはようエストイ24,メンバー（6 か月）,寒中水泳
6:32,星憶,非メンバー,遊泳てｗ
6:32,おおばさん,メンバー（6 か月）,さっむ！？！？？
6:32,あん九ろ,メンバー（6 か月）,寒中水泳…？
6:33,菱垣廻船,新規メンバー,冬なんですが……？
6:34,かみね,メンバー（2 か月）,泳げと！？
6:36,ミーン・ショー,メンバー（6 か月）,この寒空で遊泳
6:36,斬鬼さん,メンバー（6 か月）,冬に！？
6:37,あまなえつかさ,メンバー（6 か月）,寒中水泳w
6:40,Kingxe,非メンバー,今の時期に！？
6:41,えあ,新規メンバー,雪降ってますよ・・・？
6:41,アマヤ,メンバー（6 か月）,寒いわ！
6:44,ビブット,非メンバー,かわいい
6:44,雪音トワ,非メンバー,寒中水泳！？
6:44,憂鬱なペンギン,非メンバー,寒中遊泳になりますね…
6:45,RAITO,メンバー（6 か月）,寒そう
6:47,夜来碧,非メンバー,この時期に！？
6:49,つりねこ,非メンバー,寒い...！
6:57,大車輪,メンバー（6 か月）,この季節でダイビング！？
6:57,がおちゃ,非メンバー,楽しい…楽しい…！？
6:58,M t.,非メンバー,このたぬき、遂に殺意を隠さなくなってきた…
7:02,えあ,新規メンバー,目の前の川凍ってませんか？
7:03,Sekito_ Pony,非メンバー,しっ！言ってやるな…
7:03,A5飛騨牛,非メンバー,寒いて
7:06,雪音トワ,非メンバー,鬼畜で草
7:06,Torte,メンバー（6 か月）,修行かな？
7:06,たぬジョー。,メンバー（6 か月）,凍るわ！
7:08,斬鬼さん,メンバー（6 か月）,たぬきち『およげ！』
7:08,ミーン・ショー,メンバー（6 か月）,たぬきちやっぱひどい
7:09,悪運のたっちょん,非メンバー,寒中遊泳？？( 'Θ' )
7:09,クーヤ,メンバー（6 か月）,真冬の海にドボーン
7:15,影無kagenashi,非メンバー,何勧めてるんだこの狸…！
7:20,manu matic,非メンバー,かわいい
7:20,かみね,メンバー（2 か月）,じゃあたぬきちさんトップバッターどうぞ
7:24,さんかくみんおん,メンバー（6 か月）,マグロ漁かな？
7:27,AkirikA あきりか,メンバー（6 か月）,やっぱ鬼畜狸だ…
7:30,大車輪,メンバー（6 か月）,ぬう！あれこそは男塾名物「大敏愚」！！
7:31,おおばさん,メンバー（6 か月）,どきどき
7:34,サウザントほり,メンバー（6 か月）,お花も冬だからなぁ
7:39,斬鬼さん,メンバー（6 か月）,ジャングルになってるかも？
7:41,もふ水[もふみず],メンバー（6 か月）,:_elixirKusa:
7:49,酒虎shutra,新規メンバー,言い出しっぺの法則
7:55,Sekito_ Pony,非メンバー,翌日冷たくなって発見されそう
7:57,ミーン・ショー,メンバー（6 か月）,かわいい
7:57,もふ水[もふみず],メンバー（6 か月）,かわいい
8:01,Torte,メンバー（6 か月）,かわいい
8:07,ハル,メンバー（6 か月）,かわいい
8:09,わっちょンネル,メンバー（6 か月）,かわいい
8:14,卵自由,非メンバー,かわいい
8:14,えあ,新規メンバー,ないすぱ
8:16,黒酢,メンバー（1 か月）,いいこにふぁー
8:19,RAITO,メンバー（6 か月）,かわいい
8:24,Player 5,メンバー（1 か月）,ないすぱ～
8:31,Akhdani Adli,非メンバー,かわいい
8:31,おおばさん,メンバー（6 か月）,合わせてクリスマスカラーですー！！
8:34,菱垣廻船,新規メンバー,良きポインセチア色
8:46,わっちょンネル,メンバー（6 か月）,最高のクリスマだぁ～♪
8:48,Ban子 soft,非メンバー,かわいい
8:52,おおばさん,メンバー（6 か月）,:_elixirWow:
8:52,かみね,メンバー（2 か月）,たくましい
8:54,憂鬱なペンギン,非メンバー,クリスマスカラーか！気づかなかった
8:57,冬奈【s】,非メンバー,え！あつ森⁉️今までやってた☆
9:06,雪音トワ,非メンバー,たくましすぎるお花たち
9:08,サウザントほり,メンバー（6 か月）,どこにいるかなー
9:16,星憶,非メンバー,泳ぎます？
9:24,憂鬱なペンギン,非メンバー,今雪の結晶が飛んでたような…
9:25,メーホミ,非メンバー,こんばんコニファーちゃん
9:26,AkirikA あきりか,メンバー（6 か月）,雪の結晶が飛んでる
9:33,さんかくみんおん,メンバー（6 か月）,泳いでるかも
9:33,クーヤ,メンバー（6 か月）,まさか、海の中に・・・！？
9:38,r roberto,非メンバー,かわいい
9:38,相沢榮子,メンバー（2 か月）,おらぬのう
9:45,サウザントほり,メンバー（6 か月）,川飛び越えないとかな？
9:50,おおばさん,メンバー（6 か月）,おろろろろ
9:57,えめる,非メンバー,素手で外を出歩く猛者
9:58,ちい,メンバー（6 か月）,:_elixirOoo:ろろ:_elixirRibon:？
10:07,斬鬼さん,メンバー（6 か月）,寒そうｗ
10:13,冬奈【s】,非メンバー,ジングルは広場の方にいると思うよ♪
10:13,斬鬼さん,メンバー（6 か月）,よし！およぐか！
10:28,NIGHT,非メンバー,案内所付近に居るはずなんだけど
10:37,なだれ,非メンバー,あくび…
10:45,AkirikA あきりか,メンバー（6 か月）,いた
10:46,サウザントほり,メンバー（6 か月）,いた！
10:49,Torte,メンバー（6 か月）,！？
10:49,あん九ろ,メンバー（6 か月）,いたああああ
10:50,火in空虚な暗黒,メンバー（6 か月）,お
10:54,えあ,新規メンバー,隠れてた
10:54,雪音トワ,非メンバー,いちゃ！
10:55,まちのーと,非メンバー,いたーーー
10:58,賢治鉄道の夜,メンバー（2 か月）,お、いた
10:58,相沢榮子,メンバー（2 か月）,おるやんけ！
10:58,BLUE 350,非メンバー,いた！！
11:00,AkirikA あきりか,メンバー（6 か月）,しｋ…トナカイ！
11:01,卵自由,非メンバー,いた！
11:01,クーヤ,メンバー（6 か月）,メリークリスマス！
11:04,冬奈【s】,非メンバー,エリー・クリスマス
11:04,おおばさん,メンバー（6 か月）,普通のトナカイじゃないか！
11:04,ミーン・ショー,メンバー（6 か月）,エリー・クリスマス！
11:21,賢治鉄道の夜,メンバー（2 か月）,超！エキサイティング！
11:22,サウザントほり,メンバー（6 か月）,超☆エキサイティング
11:28,ちい,メンバー（6 か月）,サンタさんは来ないのか！？
11:43,雪音トワ,非メンバー,やっちゃ！
11:47,えあ,新規メンバー,トナカイが仕事してる
11:47,おおばさん,メンバー（6 か月）,エリーさんもサンタさんだったから･･･声劇の世界では･･･
11:53,クーヤ,メンバー（6 か月）,もう一度お話してみる？
12:04,あん九ろ,メンバー（6 か月）,G
12:04,AkirikA あきりか,メンバー（6 か月）,ぎゃー！
12:05,おおばさん,メンバー（6 か月）,あわわわわ
12:06,もふ水[もふみず],メンバー（6 か月）,！？
12:08,ぶいけー,メンバー（6 か月）,やはり
12:08,Kaede Akiyama,非メンバー,！？
12:08,黒酢,メンバー（1 か月）,Gだ
12:09,Player 5,メンバー（1 か月）,！？
12:09,冬奈【s】,非メンバー,ゴキブリだよ
12:11,えのころ,メンバー（6 か月）,やはりな
12:12,エリくさ〜,非メンバー,ああ…
12:13,えあ,新規メンバー,Gがいる
12:19,すずね,新規メンバー,虫さんが出てしまうのです…踏むのです…
12:19,斬鬼さん,メンバー（6 か月）,冷静だｗ
12:19,わっちょンネル,メンバー（6 か月）,Gだぁぁぁぁぁ！
12:22,Mat Rock,非メンバー,あれは踏んだってください…
12:24,綺磨咲ボボンボンボ,メンバー（6 か月）,BGMアイカ村みたいになってて草
12:24,おおばさん,メンバー（6 か月）,家の中なので捕まえられないですー
12:24,おはようエストイ24,メンバー（6 か月）,Gか
12:27,相沢榮子,メンバー（2 か月）,茶色いアイツ
12:27,もよちゃん,メンバー（1 か月）,捕まえられないよ！
12:28,燐姫,メンバー（6 か月）,何日ぶりのG
12:32,ヘキスカ,非メンバー,Gです
12:32,卵自由,非メンバー,それは、紛れもなく、ヤツさ
12:32,冬奈【s】,非メンバー,踏むか家具動かして倒せる！
12:34,Sekito_ Pony,非メンバー,踏め！やれ！消し去れ！
12:36,かみね,メンバー（2 か月）,Ｇですかね
12:45,雪音トワ,非メンバー,ｇｋｂｒ…
12:46,おおばさん,メンバー（6 か月）,家の中では捕まえられないです～
12:51,もよちゃん,メンバー（1 か月）,ぷちぷちするしかないのです！
12:54,ちい,メンバー（6 か月）,室内で網出せたっけ？
12:57,サウザントほり,メンバー（6 か月）,ごめんなさいするのです…
12:59,ささぱんだ.,非メンバー,家具でもつぶせる
13:01,冬奈【s】,非メンバー,家の中だと踏むか家具動かすか
13:15,焔ミーティア,非メンバー,おかエリーなさい〜
13:15,さんかくみんおん,メンバー（6 か月）,追いかけて
13:16,おおばさん,メンバー（6 か月）,他の森では捕まえることもできたらしいですが
13:19,憂鬱なペンギン,非メンバー,とりあえず追いかけよう！
13:21,酒虎shutra,新規メンバー,対峙するG
13:23,rim。,非メンバー,ｶｻｶｻ
13:24,ミーン・ショー,メンバー（6 か月）,あ
13:26,わっちょンネル,メンバー（6 か月）,ごめんなさいしないと…
13:29,rim。,非メンバー,なむ
13:30,ぶいらびC,メンバー（6 か月）,ぷちぃ！
13:32,斬鬼さん,メンバー（6 か月）,ごめんなさい・・・
13:33,ちい,メンバー（6 か月）,まだいるよ！
13:33,大車輪,メンバー（6 か月）,ナムアミダブツ！
13:36,ぺーすけ,非メンバー,かわいい
13:36,卵自由,非メンバー,ごめんなさい（物理
13:36,相沢榮子,メンバー（2 か月）,R.I.P
13:38,みつ,非メンバー,森の妖精とてGは許さぬ
13:39,冬奈【s】,非メンバー,多分、他の部屋にもいると思うw
13:41,Player 5,メンバー（1 か月）,😇
13:42,もよちゃん,メンバー（1 か月）,他のお部屋にもいるかも…
13:45,あん九ろ,メンバー（6 か月）,ごめんなさい助かる
13:50,r roberto,非メンバー,かわいい
13:50,おはようエストイ24,メンバー（6 か月）,しかし倒さなければ増えるのでは
13:50,おおばさん,メンバー（6 か月）,そしたーら
13:53,斬鬼さん,メンバー（6 か月）,それはそれとして！
13:53,さんかくみんおん,メンバー（6 か月）,しばらく暗殺もワイルドもしてなかったからね……
13:53,大車輪,メンバー（6 か月）,そしたぁら、助かる
14:07,サウザントほり,メンバー（6 か月）,おお！かわいいー
14:09,Kaede Akiyama,非メンバー,かわいい
14:13,大車輪,メンバー（6 か月）,ひゃーでっけぇ靴下
14:14,Player 5,メンバー（1 か月）,あらかわいい
14:16,ぶいらびC,メンバー（6 か月）,かわいい
14:19,燐姫,メンバー（6 か月）,一匹いたら100匹いる事実
14:21,ぽぬ,非メンバー,かわいい
14:32,さくら桜,メンバー（6 か月）,かわいい
14:35,AkirikA あきりか,メンバー（6 か月）,G
14:45,おおばさん,メンバー（6 か月）,エリーさんのところにはいないのですね･･･G･･･
14:53,サウザントほり,メンバー（6 か月）,帰っちゃう？
14:53,黒酢,メンバー（1 か月）,※来た時から終わってます
14:55,斬鬼さん,メンバー（6 か月）,イブ終わっちゃったからイベントおわり？ｗ
14:59,もふ水[もふみず],メンバー（6 か月）,あらら
15:03,ミーン・ショー,メンバー（6 か月）,イヴだけだったのか
15:04,おおばさん,メンバー（6 か月）,まぁ･･･プレゼントを配るのはイブですものね･･･
15:06,あまもーど,メンバー（6 か月）,終わってますね…
15:11,Calucifer,メンバー（6 か月）,イブイベントかー
15:14,斬鬼さん,メンバー（6 か月）,おーのーｗ
15:14,燐姫,メンバー（6 か月）,良い子は寝る時間ですからね～
15:15,サウザントほり,メンバー（6 か月）,残念ながらお仕事終わってしまったか…
15:17,Ariq Fajar,非メンバー,eh~?
15:17,焔ミーティア,非メンバー,えええええ
15:20,治井へいろ,メンバー（6 か月）,企画倒れである
15:22,もふ水[もふみず],メンバー（6 か月）,:_elixirOoo::_elixirYoyo::_elixirYoyo:…
15:23,エリくさ〜,非メンバー,あらら
15:28,クーヤ,メンバー（6 か月）,なんてこった・・・
15:32,さくら桜,メンバー（6 か月）,:_elixirOoo::_elixirYoyo::_elixirYoyo::_elixirYoyo:
15:34,Player 5,メンバー（1 か月）,:_elixirOoo::_elixirYoyo::_elixirYoyo::_elixirYoyo::_elixirYoyo:
15:34,菱垣廻船,新規メンバー,:_elixirOoo::_elixirYoyo::_elixirYoyo::_elixirYoyo::_elixirYoyo:
15:35,あんこゆどうふ。,非メンバー,時を戻そう
15:52,眠さんーみんさんー,非メンバー,時をもどそう！
15:52,さんかくみんおん,メンバー（6 か月）,:_elixirOoo::_elixirYoyo::_elixirYoyo:
15:55,えあ,新規メンバー,:_elixirOoo::_elixirYoyo::_elixirYoyo:
15:57,タンブルウィード君,非メンバー,草
15:57,shimakid,メンバー（6 か月）,さんたさんはクリスマスの朝までに来るから日付かわってもセーフかと...
16:09,ヘキスカ,非メンバー,ちょと隠して戻そう
16:09,あん九ろ,メンバー（6 か月）,時間巻き戻す禁忌が
16:09,からむし,非メンバー,切ない
16:12,酒虎shutra,新規メンバー,秘儀！switch時刻変更！
16:15,天水[あまみず]とも,メンバー（6 か月）,エリーちゃんついに時の妖精さんに....
16:15,燐姫,メンバー（6 か月）,クリスマスですからね
16:18,もよちゃん,メンバー（1 か月）,しますよ！
16:19,黒酢,メンバー（1 か月）,なんと！使えたりするんですよ
16:22,AkirikA あきりか,メンバー（6 か月）,戻してしまうのか…
16:24,Kingxe,非メンバー,禁忌ですよ
16:26,Torte,メンバー（6 か月）,禁断の魔法…！
16:30,斬鬼さん,メンバー（6 か月）,とりあえず寒中遊泳するか！
16:35,さくら桜,メンバー（6 か月）,魔法の出番！？
16:35,おおばさん,メンバー（6 か月）,あら！
16:36,おはようエストイ24,メンバー（6 か月）,スイッチ本体の時間をいじると魔法が使える
16:38,雪音トワ,非メンバー,時のオカリナを吹くのです…
16:40,クーヤ,メンバー（6 か月）,でたわね
16:41,わっちょンネル,メンバー（6 か月）,あ
16:41,ミーン・ショー,メンバー（6 か月）,あ
16:41,あん九ろ,メンバー（6 か月）,あ
16:47,ミーン・ショー,メンバー（6 か月）,ごめんなさい
16:49,卵自由,非メンバー,それはー紛れもなくーヤツさー
16:52,おおばさん,メンバー（6 か月）,:_elixirWow:
16:58,斬鬼さん,メンバー（6 か月）,レインボー！
16:58,えのころ,メンバー（6 か月）,バグるリスクもあるので基本的には禁忌
16:58,ちい,メンバー（6 か月）,お金持ち:_elixirConifer::_elixirRibon:！
17:02,サウザントほり,メンバー（6 か月）,レインボーだぁ
17:06,焔ミーティア,非メンバー,およよよよよよ
17:09,おおばさん,メンバー（6 か月）,おなじみのレインボーだ
17:15,Conbunco,メンバー（6 か月）,！？
17:15,Kaede Akiyama,非メンバー,およよよよよ
17:17,えあ,新規メンバー,虹スパないす～
17:22,だるまおとし,メンバー（6 か月）,虹スパ茶！
17:22,わっちょンネル,メンバー（6 か月）,レインボーだぁぁぁぁぁぁぁぁぁぁぁぁ！
17:24,AkirikA あきりか,メンバー（6 か月）,:_elixirWow:
17:25,憂鬱なペンギン,非メンバー,レインボースパティーだー！
17:28,アツシ,非メンバー,!?
17:30,焔ミーティア,非メンバー,花束だぁ
17:34,銀河帝国パイロットリュウジ,非メンバー,虹スパだ
17:43,がおちゃ,非メンバー,ﾜｫ
17:49,サウザントほり,メンバー（6 か月）,冬にかかる虹も良いものだ
17:51,niryuu,非メンバー,🌈
17:52,えめる,非メンバー,これが愛
17:55,ちい,メンバー（6 か月）,可愛い！
18:07,大車輪,メンバー（6 か月）,🌈
18:15,ちい,メンバー（6 か月）,:_elixirEli:くり！
18:17,大車輪,メンバー（6 か月）,その手があったか！
18:17,AkirikA あきりか,メンバー（6 か月）,何を目標設定するか
18:20,あん九ろ,メンバー（6 か月）,草
18:28,おおばさん,メンバー（6 か月）,こっそり変えちゃいましょう･･･
18:30,おおばさん,メンバー（6 か月）,ひえ
18:34,ミーン・ショー,メンバー（6 か月）,ごめんなさい
18:36,アツシ,非メンバー,お…
18:36,クーヤ,メンバー（6 か月）,時の妖精さんの力を借りられるか試してみるのもアリかもしれない
18:37,わっちょンネル,メンバー（6 か月）,あっ
18:38,えあ,新規メンバー,いたるところに・・・
18:38,卵自由,非メンバー,アップ
18:38,冬奈【s】,非メンバー,全ての部屋にＧはいますよ♪
18:40,まるまる。,非メンバー,あー‥
18:46,ちい,メンバー（6 か月）,ねー！
18:48,おはようエストイ24,メンバー（6 か月）,たぶん
18:48,ミーン・ショー,メンバー（6 か月）,以前見せてもらいました
18:58,おおばさん,メンバー（6 か月）,うんうん
19:02,AkirikA あきりか,メンバー（6 か月）,いい経験でしたね…
19:10,百曜わらびもち,非メンバー,まだ他にいるわねこの感じ
19:10,雪音トワ,非メンバー,おしゃれだなぁ
19:18,憂鬱なペンギン,非メンバー,おぉライバーさん達から！優しいなぁ
19:25,あまもーど,メンバー（6 か月）,おしゃれだ
19:33,サウザントほり,メンバー（6 か月）,ガーン
19:36,あん九ろ,メンバー（6 か月）,草
19:39,黒酢,メンバー（1 か月）,悲しいけど全部屋にいるのよね...
19:39,アツシ,非メンバー,草
19:43,卵自由,非メンバー,ごめんなさい…（物理
19:43,書記のフジシロ,非メンバー,草
19:43,銀河帝国パイロットリュウジ,非メンバー,いかん…
19:48,ちい,メンバー（6 か月）,お弁当が！
19:48,Kaede Akiyama,非メンバー,草
19:48,ミーン・ショー,メンバー（6 か月）,お弁当が
19:55,クーヤ,メンバー（6 か月）,お弁当の横はまずい！！
20:01,書記のフジシロ,非メンバー,かなしみのおよよ
20:01,冬奈【s】,非メンバー,１か月以上、経つとＧは湧く
20:03,もふ水[もふみず],メンバー（6 か月）,:_elixirOoo::_elixirYoyo::_elixirYoyo::_elixirYoyo::_elixirYoyo:…
20:05,なるうすしお,非メンバー,およよ
20:07,あまもーど,メンバー（6 か月）,お弁当が…
20:09,おおばさん,メンバー（6 か月）,ハウスメイドさんのお仕事をしないとですね･･･
20:11,雪音トワ,非メンバー,あかーん…
20:15,おはようエストイ24,メンバー（6 か月）,春だ
20:17,Torte,メンバー（6 か月）,美しい
20:22,サウザントほり,メンバー（6 か月）,耐久したねぇ
20:37,なるうすしお,非メンバー,サンタの魂を持ったGだったかもしれない…
20:55,おおばさん,メンバー（6 か月）,ひええ･･･
20:58,天水[あまみず]とも,メンバー（6 か月）,おＧちゃん大行進
21:02,ミーン・ショー,メンバー（6 か月）,トースト直置きするから……
21:13,斬鬼さん,メンバー（6 か月）,あっ
21:19,クーヤ,メンバー（6 か月）,おおう・・・
21:31,サウザントほり,メンバー（6 か月）,地下までできてるねー
21:31,おおばさん,メンバー（6 か月）,あの後お昼ご飯はちゃんと食べられましたかしら
21:34,酒虎shutra,新規メンバー,上の階も...
21:38,燐姫,メンバー（6 か月）,無限のG
21:38,ミーン・ショー,メンバー（6 か月）,全部のへやにいる
21:41,クーヤ,メンバー（6 か月）,オリエンタルな感じにまとまってますね
21:43,AkirikA あきりか,メンバー（6 か月）,！？
21:45,斬鬼さん,メンバー（6 か月）,無敵！
21:47,クロノ,非メンバー,アジアンテイスト
21:50,ちい,メンバー（6 か月）,完全増築:_elixirDede::_elixirSusu:な！
22:00,AkirikA あきりか,メンバー（6 か月）,このGできるぞ…
22:00,焔ミーティア,非メンバー,およよ
22:02,Torte,メンバー（6 か月）,😇
22:05,サウザントほり,メンバー（6 か月）,なかなかの強者だった
22:05,わっちょンネル,メンバー（6 か月）,草
22:05,雪音トワ,非メンバー,草
22:08,酒虎shutra,新規メンバー,ﾁｰﾝ
22:08,えあ,新規メンバー,ぷちぃ！
22:11,ぼっちマン,非メンバー,潰してくのか
22:13,クマ吉,非メンバー,千と千尋
22:19,おおばさん,メンバー（6 か月）,パンダのぬいぐるみとか置きたいですね
22:36,わっちょンネル,メンバー（6 か月）,ｱｯﾋﾛｲ
22:39,Player 5,メンバー（1 か月）,😇
22:39,おおばさん,メンバー（6 か月）,ナイスゥ！
22:43,あん九ろ,メンバー（6 か月）,お部屋すごい
22:44,卵自由,非メンバー,手慣れたごめんなさい
22:44,がおちゃ,非メンバー,広々としたG部屋…
22:45,斬鬼さん,メンバー（6 か月）,いぇあ！
22:51,えあ,新規メンバー,👏👏👏👏
22:53,ミーン・ショー,メンバー（6 か月）,お部屋いっぱいだ
22:57,AkirikA あきりか,メンバー（6 か月）,草
22:59,おおばさん,メンバー（6 か月）,いるぅぅ
23:00,Kingxe,非メンバー,家具の下とか…
23:01,アツシ,非メンバー,あばばばば
23:01,燐姫,メンバー（6 か月）,まだいます
23:04,サウザントほり,メンバー（6 か月）,草
23:06,わっちょンネル,メンバー（6 か月）,草
23:18,賢治鉄道の夜,メンバー（2 か月）,たぶんやつは永遠に生まれます
23:18,からむし,非メンバー,ふみっ
23:21,おおばさん,メンバー（6 か月）,島の中でもぱたぱたこにふぁ
23:22,おはようエストイ24,メンバー（6 か月）,まずは駆除から
23:32,Player 5,メンバー（1 か月）,奴らは1匹とは限らない...
23:47,卵自由,非メンバー,くーるーきっとくるー
23:56,おおばさん,メンバー（6 か月）,素早いッ！！
23:57,AkirikA あきりか,メンバー（6 か月）,駆除業者になります！にタイトル変えなきゃ…
24:01,綺磨咲ボボンボンボ,メンバー（6 か月）,Ghristmasなんよ
24:06,ネコマジン,非メンバー,家具動かして退治しないといかんかも？
24:07,燐姫,メンバー（6 か月）,増殖するG
24:09,アツシ,非メンバー,草
24:10,マリモなまこ,メンバー（6 か月）,久々にログインするとめちゃくちゃいてあせる
24:13,おおばさん,メンバー（6 か月）,手慣れてきている
24:13,風色鉛筆,非メンバー,悲しみ......
24:14,ミーン・ショー,メンバー（6 か月）,一瞬でごめんなさいした
24:16,ずん田 五平,非メンバー,お花の妖精とgは仲良くないの?
24:18,匿名Gorilla,メンバー（6 か月）,上手だねぇ
24:19,クマ吉,非メンバー,ちゃんとGを踏んだ後謝るの偉い！
24:20,クロノ,非メンバー,年末の大掃除ですね
24:22,あまなえつかさ,メンバー（6 か月）,かなしいなぁ
24:29,サウザントほり,メンバー（6 か月）,てぃ！
24:29,百曜わらびもち,非メンバー,G討伐こにふぁー
24:29,酒虎shutra,新規メンバー,ラートム
24:30,おはようエストイ24,メンバー（6 か月）,お屋敷の方々を迎えるためにもお掃除しないと
24:32,雪音トワ,非メンバー,一匹見かけたら三十匹はいると思ってゴキジェットを構えるのです
24:36,ちい,メンバー（6 か月）,まだですね！
24:36,ヘキスカ,非メンバー,上だね
24:51,クーヤ,メンバー（6 か月）,きちゃ！
24:51,やぐ,非メンバー,G級クエスト
24:56,あん九ろ,メンバー（6 か月）,スッキリ～
24:56,おおばさん,メンバー（6 か月）,おおおー！！！
24:56,ぶいらびC,メンバー（6 か月）,スッキリ～！！
24:58,Player 5,メンバー（1 か月）,やっちゃ～
25:04,Kaede Akiyama,非メンバー,やっちゃ！
25:06,DAYC にホN.FAM,非メンバー,こんなに出たとこ見たことない
25:06,賢治鉄道の夜,メンバー（2 か月）,ミッション達成！
25:06,わっちょンネル,メンバー（6 か月）,ｽｯｷﾘ♪(^-^)
25:11,百曜わらびもち,非メンバー,討伐完了！お疲れ様でした
25:12,もふ水[もふみず],メンバー（6 か月）,BGM草
25:20,Kingxe,非メンバー,何とも言えない…
25:34,憂鬱なペンギン,非メンバー,MOTHERみたいな曲だったなw
25:39,おおばさん,メンバー（6 か月）,キルレ高い
25:39,わっちょンネル,メンバー（6 か月）,草
25:40,綺磨咲ボボンボンボ,メンバー（6 か月）,キルリーダーになりました
25:44,燐姫,メンバー（6 か月）,数えてらっしゃる
25:46,サウザントほり,メンバー（6 か月）,これはキルリーダーですわ
25:46,クーヤ,メンバー（6 か月）,12匹もいたのですねｗｗ
25:49,焔ミーティア,非メンバー,ないすぱ〜
25:55,大車輪,メンバー（6 か月）,ナイスカウント！
26:02,菱垣廻船,新規メンバー,各部屋２ひきづつでしたなあ
26:03,Calucifer,メンバー（6 か月）,新たなキルリーダーが誕生しました
26:06,あん九ろ,メンバー（6 か月）,クリスマスの赤色はもしかして
26:08,焔ミーティア,非メンバー,これは、うん…
26:39,星憶,非メンバー,泳ごう
26:45,憂鬱なペンギン,非メンバー,時は戻さないスタイルか
26:53,おおばさん,メンバー（6 か月）,エリーサンタさんですよ～
26:58,AkirikA あきりか,メンバー（6 か月）,（時間いじったらまたG復活するのでは）
27:12,おおばさん,メンバー（6 か月）,そういえばフルネームなんだった
27:16,AkirikA あきりか,メンバー（6 か月）,もう半年ぶりとかですよね
27:19,如月てぇ提督,メンバー（6 か月）,かなり久しぶりなんですね・・・
27:25,ミーン・ショー,メンバー（6 か月）,歓迎してくれてる
27:29,Player 5,メンバー（1 か月）,あったけぇ...
27:34,燐姫,メンバー（6 か月）,首に矢を！？
27:34,サウザントほり,メンバー（6 か月）,首に矢を受けてしまってな…
27:34,如月てぇ提督,メンバー（6 か月）,首に矢を受けてしまってな・・・
27:35,えぬ,非メンバー,草
27:37,えあ,新規メンバー,皆待ってた
27:38,ミーン・ショー,メンバー（6 か月）,首に矢で毎回笑う
27:38,菱垣廻船,新規メンバー,それは致命傷なんよ
27:38,やみい/朝日奈樒,非メンバー,あったけぇ
27:42,Torte,メンバー（6 か月）,首に矢は致命傷定期
27:45,綺磨咲ボボンボンボ,メンバー（6 か月）,急所で草
27:48,おおばさん,メンバー（6 か月）,何度聞いても笑ってしまう
27:48,shimakid,メンバー（6 か月）,矢ｗ
27:50,さんかくみんおん,メンバー（6 か月）,ヘルニアって矢を受けてなるんだ……
27:53,さくら桜,メンバー（6 か月）,首に矢は致命傷では…
27:53,治井へいろ,メンバー（6 か月）,矢は草
27:55,諸越頭,非メンバー,首に矢はそれはもう死ぬんよ
27:55,冬奈【s】,非メンバー,チャスやん！
27:59,Player 5,メンバー（1 か月）,致命傷なんだよなぁ・・・
28:01,サウザントほり,メンバー（6 か月）,何とか致命傷で済んだぜ…
28:05,おおばさん,メンバー（6 か月）,久しぶりだチャスさん
28:13,AkirikA あきりか,メンバー（6 か月）,いちから！？
28:14,サウザントほり,メンバー（6 か月）,いちから！？
28:20,銀河帝国パイロットリュウジ,非メンバー,ムキムキ計画
28:22,ぼっちマン,非メンバー,いちから！
28:31,高松P,非メンバー,おまかわ
28:31,わっちょンネル,メンバー（6 か月）,いちからぁ！？
28:41,Calucifer,メンバー（6 か月）,腕の筋肉はついてると思うの
28:43,えあ,新規メンバー,RFAやらなきゃ
28:47,vm 440,非メンバー,妖精じゃなければ即死でしたね・・・
28:52,Torte,メンバー（6 か月）,円環音楽健康法
28:54,憂鬱なペンギン,非メンバー,妖精だから死は免れたのかな
28:58,サウザントほり,メンバー（6 か月）,円環音楽奏法しないとね
29:19,おおばさん,メンバー（6 か月）,まぁぎっくり腰は魔女の一撃とも言いますから 頸椎ヘルニアが矢を受けたと形容してもおかしくはないのかも
29:32,ちい,メンバー（6 か月）,:_elixirHaha:。:_elixirWawa::_elixirRibon::_elixirConifer::_elixirRibon:！
29:38,おおばさん,メンバー（6 か月）,うんうん
29:38,大車輪,メンバー（6 か月）,いきなりの激しい運動は逆に悪いかもしれんけどね。
29:42,Torte,メンバー（6 か月）,久々やね〜
29:45,えめる,非メンバー,妖精さんだからね
29:46,ぶいらびC,メンバー（6 か月）,たしかに
29:46,サウザントほり,メンバー（6 か月）,そういえば声帯模写も久しぶりだね
30:01,おおばさん,メンバー（6 か月）,あら？
30:09,大車輪,メンバー（6 か月）,流し目になるエリーちゃん助かる
30:10,如月てぇ提督,メンバー（6 か月）,のんびりでどうぞ
30:11,ヘキスカ,非メンバー,時を戻す？
30:17,Torte,メンバー（6 か月）,きょろきょろ👀
30:24,卵自由,非メンバー,きょろきょろ可愛い
30:34,雪音トワ,非メンバー,きょろきょろ助かる
30:37,えめる,非メンバー,正座配信はつらい
30:38,あん九ろ,メンバー（6 か月）,首がよく動くのかわいい
30:43,ちい,メンバー（6 か月）,ら～！
30:48,サウザントほり,メンバー（6 か月）,もう年末かぁ
30:48,おおばさん,メンバー（6 か月）,ですねぇ
30:53,斬鬼さん,メンバー（6 か月）,はやいねぇ
30:57,ミーン・ショー,メンバー（6 か月）,あと5日かー
31:02,天水[あまみず]とも,メンバー（6 か月）,明日が仕事納め
31:02,酒虎shutra,新規メンバー,おいおいおい死ぬわアイツ
31:07,Kingxe,非メンバー,ウニ取ろう！
31:07,斬鬼さん,メンバー（6 か月）,ジングルさんのシルエットが・・・
31:07,わっちょンネル,メンバー（6 か月）,もう1年経ったのか…早い…
31:10,あまもーど,メンバー（6 か月）,もう一年の終わりですね
31:18,おおばさん,メンバー（6 か月）,エリーさんを知った一年、激動の一年でした･･･
31:25,ふっさん,非メンバー,25_26_27_28_29_30_31で7日あるんだよなぁ…
31:42,おおばさん,メンバー（6 か月）,ビュティさん！？
31:44,燐姫,メンバー（6 か月）,う、うそだ....
31:44,ユッキーハリー,非メンバー,クリスマス島にしたからずっとこのままにしていたい
31:44,Torte,メンバー（6 か月）,草
31:49,サウザントほり,メンバー（6 か月）,ビュティさんおるねぇ！
31:51,ぶいらびC,メンバー（6 か月）,だいぶ気が早くないっすか
32:01,ヘキスカ,非メンバー,タヌポートは明日じゃないと届かないよ
32:03,如月てぇ提督,メンバー（6 か月）,来週の今日が元日ですね
32:05,酒虎shutra,新規メンバー,5も7もそんなに...
32:09,おおばさん,メンバー（6 か月）,何も考えてなかったので気付かなかった
32:26,おおばさん,メンバー（6 か月）,いまから買うのは遅いのでは！？
32:33,おはようエストイ24,メンバー（6 か月）,手刀連？
32:41,Torte,メンバー（6 か月）,シュトーレンちびちび食べるのすき
32:43,おおばさん,メンバー（6 か月）,毎日少しずつ切って食べるのですよね
32:50,斬鬼さん,メンバー（6 か月）,へぇ～
32:57,憂鬱なペンギン,非メンバー,ブッシュドノエルも良さげよ
32:57,クーヤ,メンバー（6 か月）,ちょっとずつ、薄く切っていただくお菓子でしたよね
33:00,アツシ,非メンバー,へぇ〜
33:05,ミーン・ショー,メンバー（6 か月）,ちょっとずつ食べるのが縁起物っぽくていい
33:09,あまもーど,メンバー（6 か月）,クリスマス仕様だ
33:13,あん九ろ,メンバー（6 か月）,メッセージ…？
33:14,ちい,メンバー（6 か月）,知りません！
33:19,AkirikA あきりか,メンバー（6 か月）,草
33:25,焔ミーティア,非メンバー,7色の声精さん！
33:32,燐姫,メンバー（6 か月）,メッセージ？知らない子ですね
33:41,車丹波守斯忠,非メンバー,本来は長持ちさせるためにめっちゃ甘くするからね、シュトーレン
33:45,おおばさん,メンバー（6 か月）,エリーさんのたぬきちさん再現すき
33:50,AkirikA あきりか,メンバー（6 か月）,そういえばにじさんじ公式Twitterもサンタ帽被っていたな…
33:52,りゅうと,非メンバー,草
33:55,如月てぇ提督,メンバー（6 か月）,※物置が倍になります
33:59,ちい,メンバー（6 か月）,外に置くことになるからねえ！
34:01,クーヤ,メンバー（6 か月）,完全にみた前提で話を進めるたぬきちさん
34:10,斬鬼さん,メンバー（6 か月）,（家具、地下はマルマルありません！）
34:18,菱垣廻船,新規メンバー,ドクターストーンでも出てたけど、本来クリスマス前のアドヴェント期間の食い物なのよね
34:21,如月てぇ提督,メンバー（6 か月）,あら。
34:21,憂鬱なペンギン,非メンバー,ロールケーキ食べて紅茶嗜みながら見てる
34:27,おおばさん,メンバー（6 か月）,返しちゃいましょう！
34:41,如月てぇ提督,メンバー（6 か月）,返せる！
34:43,あん九ろ,メンバー（6 か月）,カブで儲けたお金でなんとかならないかな
34:44,サウザントほり,メンバー（6 か月）,預金すげぇ！
34:49,えあ,新規メンバー,一括返済
34:49,燐姫,メンバー（6 か月）,返せる！
34:52,あたびす,非メンバー,預金で返せちゃう！
34:52,酒虎shutra,新規メンバー,完済！？
34:52,Player 5,メンバー（1 か月）,完済できる！
34:52,銀河帝国パイロットリュウジ,非メンバー,完済できる
34:56,りゅうと,非メンバー,おお！
35:01,サウザントほり,メンバー（6 か月）,ぽちぃ！
35:01,もふ水[もふみず],メンバー（6 か月）,ポチィ！
35:02,さくら桜,メンバー（6 か月）,完済！
35:02,わっちょンネル,メンバー（6 か月）,おおおおお！
35:04,えあ,新規メンバー,ぽちぃ！
35:05,ななつぼし,メンバー（2 か月）,ぽちぃ！
35:10,ちい,メンバー（6 か月）,ぽちぃ！
35:10,AkirikA あきりか,メンバー（6 か月）,やっちゃー
35:11,大車輪,メンバー（6 か月）,イェーイ！
35:14,えあ,新規メンバー,Yeah！
35:17,ちい,メンバー（6 か月）,おめでとうございます！
35:17,あまもーど,メンバー（6 か月）,やったー！
35:19,燐姫,メンバー（6 か月）,お手本のような不思議
35:19,わっちょンネル,メンバー（6 か月）,ぽちぃ！
35:20,えめる,非メンバー,これぞエリー
35:23,Player 5,メンバー（1 か月）,Yes!!
35:25,憂鬱なペンギン,非メンバー,株主コニファー
35:27,Torte,メンバー（6 か月）,やった！
35:27,ななつぼし,メンバー（2 か月）,どーも
35:29,斬鬼さん,メンバー（6 か月）,どーも。
35:31,百曜わらびもち,非メンバー,完済！
35:38,ネコマジン,非メンバー,100万ベルポンと払ったぜ
35:44,如月てぇ提督,メンバー（6 か月）,たいしたお人だ
36:00,ちい,メンバー（6 か月）,額が多いと思うなら手加減してもろて！
36:12,ミーン・ショー,メンバー（6 か月）,なんと
36:12,雪音トワ,非メンバー,なんと
36:12,サウザントほり,メンバー（6 か月）,太っ腹！
36:18,おおばさん,メンバー（6 か月）,配信環境があれば良かったんですけどねぇ
36:21,サ!,非メンバー,いまきた！エリーかわいい( T T )❤︎
36:28,百曜わらびもち,非メンバー,さっきの
36:40,りゅうと,非メンバー,な、なんだってー！
36:53,憂鬱なペンギン,非メンバー,たぬきちはこの辺良心的だよな
37:29,AkirikA あきりか,メンバー（6 か月）,御茶会たのしみ
37:38,わっちょンネル,メンバー（6 か月）,待ちます！
37:38,おおばさん,メンバー（6 か月）,ジラフとアンニカさんもまだ今年ですものね
37:38,憂鬱なペンギン,非メンバー,某ウイルスがまた勢力強くしてるらしいからなぁ
37:47,酒虎shutra,新規メンバー,年収め配信もあるかな
38:00,燐姫,メンバー（6 か月）,50万！？
38:07,大車輪,メンバー（6 か月）,５０万ベル！？さっきの半額じゃないですか！
38:11,Player 5,メンバー（1 か月）,500'000かぁ
38:18,クーヤ,メンバー（6 か月）,預金をおろさないとですね
38:21,どろい,非メンバー,引き落とせないのか
38:24,雪音トワ,非メンバー,お高いんですねぇ…
38:28,サウザントほり,メンバー（6 か月）,現金のみかぁ
38:32,憂鬱なペンギン,非メンバー,預金おろさないとね
38:32,りゅうと,非メンバー,50万！？
38:40,Player 5,メンバー（1 か月）,引き落としではなく現金のみかぁ
38:41,ずん田 五平,非メンバー,キャッシュで50万！？
38:56,酒虎shutra,新規メンバー,へぇ～
38:58,憂鬱なペンギン,非メンバー,僕もレモンティー頂いてます
38:59,おおばさん,メンバー（6 か月）,ふむふむ
39:04,えあ,新規メンバー,そうなのか
39:12,ななつぼし,メンバー（2 か月）,そうなんですねぇ
39:16,燐姫,メンバー（6 か月）,師をも走る大掃除時これぞ師走
39:16,わっちょンネル,メンバー（6 か月）,大掃Gは草
39:35,憂鬱なペンギン,非メンバー,まだ貯蓄に余裕あるねぇ
39:45,百曜わらびもち,非メンバー,ですね
39:48,酒虎shutra,新規メンバー,年収め熱盛
39:51,大車輪,メンバー（6 か月）,ボイスを始めとするエリーちゃんの時節のお話は異国情緒有って好き
39:55,サウザントほり,メンバー（6 か月）,住民のみんなにプレゼント渡すとか？
40:10,Player 5,メンバー（1 か月）,これだけ預金卸してもまだまだ余裕があるね
40:12,おおばさん,メンバー（6 か月）,私も最近めっきり島に行っていないので、何ができるのか･･･
40:16,AkirikA あきりか,メンバー（6 か月）,でも住民起きてない人もいそう？
40:23,冬奈【s】,非メンバー,針葉樹の木を揺すってオーナメントで集める！風船割るとかかな？
40:37,黒酢,メンバー（1 か月）,もう深夜だしねぇ
40:50,Player 5,メンバー（1 か月）,もう真夜中ですからねぇ
40:59,AkirikA あきりか,メンバー（6 か月）,勝手に家の前に置いておいた方がサンタらしいかもしれない…
41:03,憂鬱なペンギン,非メンバー,今回のどう森ってプレゼントにプレゼントの包み紙は必要だったっけ
41:07,大車輪,メンバー（6 か月）,手紙郵便で贈り物をして朝に開けてもらうとか？
41:14,百曜わらびもち,非メンバー,明日
41:20,サウザントほり,メンバー（6 か月）,コニファー！
41:23,おおばさん,メンバー（6 か月）,こにふぁー！
41:23,大車輪,メンバー（6 か月）,コニファー！
41:24,クーヤ,メンバー（6 か月）,:_elixirConifer::_elixirRibon:！
41:24,燐姫,メンバー（6 か月）,針葉樹！！
41:30,燐姫,メンバー（6 か月）,Conifer！
41:31,おおばさん,メンバー（6 か月）,🌲
41:36,Player 5,メンバー（1 か月）,:_elixirConifer::_elixirRibon:
41:46,雪音トワ,非メンバー,コニファー！
41:48,サウザントほり,メンバー（6 か月）,雑草「私も(ポケットに)入れてよ」
42:03,憂鬱なペンギン,非メンバー,コニファーをプレゼントされたね…
42:12,ヘキスカ,非メンバー,でも届くの明日だよ
42:22,サウザントほり,メンバー（6 か月）,いいねぇ！
42:27,ミーン・ショー,メンバー（6 か月）,いいかんじ
42:32,黒酢,メンバー（1 か月）,みんな大好きガーデンライト
42:36,大車輪,メンバー（6 か月）,アサシンコニファーでもみた街灯だ！
42:42,ちい,メンバー（6 か月）,まりんすーつ！
42:50,ミーン・ショー,メンバー（6 か月）,かわいい
42:50,サウザントほり,メンバー（6 か月）,鹿さん！
42:56,がおちゃ,非メンバー,シカさん柄！
43:06,ぶいらびC,メンバー（6 か月）,鹿さんだと思えば鹿さんです！
43:13,Torte,メンバー（6 か月）,かわいいセーター
43:13,酒虎shutra,新規メンバー,トナカイかな...
43:16,Player 5,メンバー（1 か月）,オーロラいいねぇ
43:21,憂鬱なペンギン,非メンバー,せっかくだし買っちゃう？
43:27,Ariq Fajar,非メンバー,limited item
43:28,ふらいぶるがぁ,非メンバー,どうでしょうネタ…
43:31,おおばさん,メンバー（6 か月）,暖かそうと装備をかけた高度なダジャレ
43:38,黒酢,メンバー（1 か月）,期間限定は悪魔の囁き定期
43:38,AkirikA あきりか,メンバー（6 か月）,マリンスーツもあったけどマリンスーツ買えば寒中水泳できるのかな
43:47,酒虎shutra,新規メンバー,期間限定に弱いのわかる
43:55,サウザントほり,メンバー（6 か月）,ナウい！？
43:59,おおばさん,メンバー（6 か月）,ナウい！？
43:59,大車輪,メンバー（6 か月）,ナウい！？
44:03,Torte,メンバー（6 か月）,ナウなヤングにバカウケ！
44:04,Player 5,メンバー（1 か月）,ナウい！？
44:05,ちい,メンバー（6 か月）,ナウい:_elixirKusa::_elixirKusa::_elixirKusa:！
44:08,わっちょンネル,メンバー（6 か月）,ナウい！？
44:11,おはようエストイ24,メンバー（6 か月）,ナウいものに惹かれるコニファー
44:11,サウザントほり,メンバー（6 か月）,お目目をエリーちゃん色に！
44:30,酒虎shutra,新規メンバー,本当に寒中水泳を...？
44:36,ヘキスカ,非メンバー,ですね
44:51,Player 5,メンバー（1 か月）,寒中水泳かな？
44:53,憂鬱なペンギン,非メンバー,お！これ今日中にできるのかな？
44:58,百曜わらびもち,非メンバー,よさそう
44:58,菱垣廻船,新規メンバー,シュノーケルは水泳には要らないのです
45:00,クーヤ,メンバー（6 か月）,シュノーケルはなくても大丈夫かな
45:04,酒虎shutra,新規メンバー,備えあればなんとやらですね
45:15,おおばさん,メンバー（6 か月）,わかる
45:17,おはようエストイ24,メンバー（6 か月）,この時期でもサーファーなら普通に活動してるんだよなぁ
45:49,斬鬼さん,メンバー（6 か月）,覚えた！
45:51,ミーン・ショー,メンバー（6 か月）,なっとくー！
45:54,おおばさん,メンバー（6 か月）,なっとくぅ！
45:56,大車輪,メンバー（6 か月）,どんなのかなー？
46:01,憂鬱なペンギン,非メンバー,その場でプリントされるんだぁ…
46:23,サウザントほり,メンバー（6 か月）,やっちゃー！
46:37,AkirikA あきりか,メンバー（6 か月）,ややウケ
46:41,おはようエストイ24,メンバー（6 か月）,セミー・コニファー！？
46:43,ずん田 五平,非メンバー,プロ蝉
46:44,ミーン・ショー,メンバー（6 か月）,いいね
46:55,憂鬱なペンギン,非メンバー,蝉ではない
47:29,AkirikA あきりか,メンバー（6 か月）,おおー
47:33,あん九ろ,メンバー（6 か月）,かわいい
47:35,サウザントほり,メンバー（6 か月）,かわいい
47:35,クーヤ,メンバー（6 か月）,かわいい！
47:41,Player 5,メンバー（1 か月）,あぶないあぶない
47:42,おおばさん,メンバー（6 か月）,あわわわわわ
47:45,ミーン・ショー,メンバー（6 か月）,かわいい
47:48,サウザントほり,メンバー（6 か月）,自撮りだー！
47:48,雪音トワ,非メンバー,あわわわわ
47:51,斬鬼さん,メンバー（6 か月）,いいねこれ
47:54,あん九ろ,メンバー（6 か月）,草
47:54,あまもーど,メンバー（6 か月）,おお
47:54,百曜わらびもち,非メンバー,めぇてないめぇてない
47:56,りゅうと,非メンバー,草
47:58,大車輪,メンバー（6 か月）,地鶏アクション！
48:01,がおちゃ,非メンバー,かわいい
48:03,菱垣廻船,新規メンバー,まさかの再現
48:03,わっちょンネル,メンバー（6 か月）,草
48:06,おはようエストイ24,メンバー（6 か月）,草
48:06,ぶいらびC,メンバー（6 か月）,再現たすかる
48:08,やみい/朝日奈樒,非メンバー,かわいい
48:08,イカ,非メンバー,ﾊﾟｼｬｰﾊﾟｼｬｰ
48:11,クジラ博士,非メンバー,かわいい
48:12,ななつぼし,メンバー（2 か月）,:_elixirKusa:
48:14,AkirikA あきりか,メンバー（6 か月）,キマってない…？
48:15,斬鬼さん,メンバー（6 か月）,くんかくんか
48:24,Player 5,メンバー（1 か月）,ないすぱ～
48:53,おおばさん,メンバー（6 か月）,かわいい･･･
48:58,サウザントほり,メンバー（6 か月）,かわいい
48:58,AkirikA あきりか,メンバー（6 か月）,かわいい
49:02,おおばさん,メンバー（6 か月）,首にはお気をつけを！
49:04,ミーン・ショー,メンバー（6 か月）,リハビリ
49:04,あん九ろ,メンバー（6 か月）,かわいい
49:10,がおちゃ,非メンバー,！？
49:20,星憶,非メンバー,かわいい
49:23,菱垣廻船,新規メンバー,RFAでもやるやつ
49:23,AkirikA あきりか,メンバー（6 か月）,結構楽そうなポーズだった…
49:27,サウザントほり,メンバー（6 か月）,すしざんまい
49:27,おはようエストイ24,メンバー（6 か月）,かわいい
49:28,ななつぼし,メンバー（2 か月）,かわいい
49:30,AkirikA あきりか,メンバー（6 か月）,すしざんまい
49:30,Torte,メンバー（6 か月）,すしざんまい
49:34,えあ,新規メンバー,かわいい
49:35,ななつぼし,メンバー（2 か月）,すしざんまいｗ
49:38,りゅうと,非メンバー,ｽｯ…
49:39,bast,非メンバー,かわいい
49:39,酒虎shutra,新規メンバー,すしざんまいｗ
49:44,Player 5,メンバー（1 か月）,すしざんまいｗ
49:45,もふ水[もふみず],メンバー（6 か月）,草
49:48,おおばさん,メンバー（6 か月）,かわいい･･･
49:52,梅凛,非メンバー,オマエは大勢に囲まれて死ね 俺みたいにはなるなよ
49:54,綺磨咲ボボンボンボ,メンバー（6 か月）,かわいい
49:56,卵自由,非メンバー,草
49:59,大車輪,メンバー（6 か月）,すしざんまいだー！
49:59,がおちゃ,非メンバー,草
50:04,卯月しよ,メンバー（6 か月）,草
50:04,憂鬱なペンギン,非メンバー,うまくいかないけど可愛い
50:04,星憶,非メンバー,なるほど
50:09,酒虎shutra,新規メンバー,:_elixirKusa:
50:13,黒酢,メンバー（1 か月）,社長がすごいことで有名なアレ
50:16,AkirikA あきりか,メンバー（6 か月）,かわいい
50:19,菱垣廻船,新規メンバー,エリーちゃん口が基本的にニッコリだからムッとした顔になりづらくない？
50:33,匿名Gorilla,メンバー（6 か月）,かわいい
50:34,斬鬼さん,メンバー（6 か月）,かわいい
50:35,Kinan M,非メンバー,同じ！！！
50:46,ミーン・ショー,メンバー（6 か月）,ガーン！
50:47,あん九ろ,メンバー（6 か月）,リアクション楽しい
50:47,おおばさん,メンバー（6 か月）,笑い声が素敵･･･
50:50,黒酢,メンバー（1 か月）,ぽい
50:50,雪音トワ,非メンバー,かわいい
50:54,憂鬱なペンギン,非メンバー,顔芸上手いなぁ
51:03,AkirikA あきりか,メンバー（6 か月）,しかめっつらかわいい
51:08,もふ水[もふみず],メンバー（6 か月）,かわいい
51:13,おはようエストイ24,メンバー（6 か月）,クリスマスイブはもう過ぎたのだと知ったときの顔
51:15,酒虎shutra,新規メンバー,への字コニファー
51:25,Torte,メンバー（6 か月）,くしゃみ助かる
51:27,菱垣廻船,新規メンバー,くしゃみ助かる
51:27,海江,非メンバー,かわよ
51:28,ミーン・ショー,メンバー（6 か月）,！
51:30,がおちゃ,非メンバー,再現度ｗ
51:33,Ariq Fajar,非メンバー,ww
51:34,AkirikA あきりか,メンバー（6 か月）,かわいい
51:35,Torte,メンバー（6 か月）,似てる
51:37,星憶,非メンバー,顔がシンクロしてるｗ
51:43,わっちょンネル,メンバー（6 か月）,そっくりすぎるw
51:43,サウザントほり,メンバー（6 か月）,そっくり！
51:46,百曜わらびもち,非メンバー,マスクしてもろて
51:47,雪音トワ,非メンバー,かわいい
51:51,おはようエストイ24,メンバー（6 か月）,眼を見開いて口を開けるのは鈴原さんなのよ
51:54,Player 5,メンバー（1 か月）,再現度高いｗ
51:56,ミーン・ショー,メンバー（6 か月）,:_elixirHaha::_elixirWawa::_elixirHaha::_elixirWawa:
51:56,AkirikA あきりか,メンバー（6 か月）,はわはわ笑うの！？
51:57,Torte,メンバー（6 か月）,:_elixirHaha::_elixirWawa::_elixirHaha::_elixirWawa:！？
52:04,サウザントほり,メンバー（6 か月）,そんなヘムヘムみたいなw
52:04,菱垣廻船,新規メンバー,:_elixirHaha::_elixirWawa::_elixirHaha::_elixirWawa:
52:18,憂鬱なペンギン,非メンバー,わはわはわはわ
52:21,ミーン・ショー,メンバー（6 か月）,イヤイヤかわいい
52:21,Duphman2,非メンバー,Cute
52:23,綺磨咲ボボンボンボ,メンバー（6 か月）,かわいい
52:26,おおばさん,メンバー（6 か月）,いやいやこにふぁ
52:30,わっちょンネル,メンバー（6 か月）,かわいいんじゃぁ…
52:30,ギーマ,非メンバー,ワンピースにいそうな笑い方
52:32,えあ,新規メンバー,エリーちゃんがいやいやすること…なんだろうか
52:37,Player 5,メンバー（1 か月）,かわいいわね...
52:37,AkirikA あきりか,メンバー（6 か月）,全部コミカルでかわいい
52:38,憂鬱なペンギン,非メンバー,楽しそうで何よりです
52:57,サウザントほり,メンバー（6 か月）,プレゼント交換だー！
52:59,卵自由,非メンバー,お！
53:00,あん九ろ,メンバー（6 か月）,oo
53:00,百曜わらびもち,非メンバー,リアクション芸人こにふぁー
53:05,海江,非メンバー,おお
53:05,大車輪,メンバー（6 か月）,あら、プレゼントイベント有ったんだー！
53:05,えあ,新規メンバー,きちゃ！
53:11,雪音トワ,非メンバー,やっちゃー！
53:15,憂鬱なペンギン,非メンバー,ポストの中も見てみよ
53:17,酒虎shutra,新規メンバー,三田になれる...！
53:32,やぐ,非メンバー,ラッピングは住人からもらえるから大丈夫
53:32,ミーン・ショー,メンバー（6 か月）,よかった
53:41,がおちゃ,非メンバー,いっぱいあるー！？
53:43,燐姫,メンバー（6 か月）,いっぱいある～
53:43,サウザントほり,メンバー（6 か月）,いっぱいあるー
53:59,サウザントほり,メンバー（6 か月）,仕立て屋さんからだ
54:14,黒酢,メンバー（1 か月）,お店開いてる？
54:31,ミーン・ショー,メンバー（6 か月）,キッチン！
54:35,おおばさん,メンバー（6 か月）,気になる木！
54:35,黒酢,メンバー（1 か月）,企画倒れにならなくてよかったわね...
54:42,憂鬱なペンギン,非メンバー,キッチン！料理が捗るねぇ…
54:54,わっちょンネル,メンバー（6 か月）,たくさんだねぇ
54:54,サウザントほり,メンバー（6 か月）,ビッ！
54:57,Torte,メンバー（6 か月）,Gが出ないようキッチンとせなあかんね
55:01,大車輪,メンバー（6 か月）,ビッとしてる！
55:03,クーヤ,メンバー（6 か月）,ビットしてる
55:07,テカリダケ浩司,非メンバー,やさしい
55:23,サウザントほり,メンバー（6 か月）,冷蔵庫いいねー
55:28,おおばさん,メンバー（6 か月）,コーヒー！
55:30,AkirikA あきりか,メンバー（6 か月）,おおー
55:32,ミーン・ショー,メンバー（6 か月）,コーヒーミルいいね
55:39,憂鬱なペンギン,非メンバー,机が欲しくなるなぁ
55:40,わっちょンネル,メンバー（6 か月）,おお～
55:44,Kinan M,非メンバー,コーヒーミルいいね
55:52,酒虎shutra,新規メンバー,豆挽くの楽しいよね
55:53,クーヤ,メンバー（6 か月）,なんだか喫茶店が開けそうですね☕🏠️
55:55,ななつぼし,メンバー（2 か月）,めっちゃ家具くれるやん
56:25,燐姫,メンバー（6 か月）,(訳)お掃除しましょう
56:27,AkirikA あきりか,メンバー（6 か月）,豪華な便箋だ
56:29,おおばさん,メンバー（6 か月）,90万いかなかったからランクB･･･ん？
56:32,Torte,メンバー（6 か月）,おしゃれ
56:41,もふ水[もふみず],メンバー（6 か月）,これはマブですわ
56:42,サウザントほり,メンバー（6 か月）,マブダチ！
56:43,大車輪,メンバー（6 か月）,マブダチ！
56:43,ななつぼし,メンバー（2 か月）,増築って根性でできるものだったのか
56:49,雪音トワ,非メンバー,シルビアさん太っ腹だなぁ
56:57,りゅうと,非メンバー,マブダチ！
57:00,大車輪,メンバー（6 か月）,何をお返しに送りましょうかね？
57:02,ミーン・ショー,メンバー（6 か月）,素敵なお手紙
57:03,ななつぼし,メンバー（2 か月）,楽器！
57:03,斬鬼さん,メンバー（6 か月）,楽器か
57:14,サウザントほり,メンバー（6 か月）,演奏会出来そうだね！
57:17,ヘキスカ,非メンバー,できますね
57:24,ミーン・ショー,メンバー（6 か月）,楽器部屋いいね
57:25,わっちょンネル,メンバー（6 か月）,地下に作るのいいかもね！
57:28,AkirikA あきりか,メンバー（6 か月）,地下なら防音もばっちり
57:35,燐姫,メンバー（6 か月）,タケノコ！
57:42,焔ミーティア,非メンバー,早いですがお先に失礼しますおやすみコニファ～です
57:44,おおばさん,メンバー（6 か月）,うんうん
57:44,Torte,メンバー（6 か月）,たけのこいいなぁ
57:48,あん九ろ,メンバー（6 か月）,いつのたけのこ…？
57:51,がおちゃ,非メンバー,かわいい
57:54,菱垣廻船,新規メンバー,大丈夫？傷んでない？
57:57,百曜わらびもち,非メンバー,地下室がライブハウスに
58:02,AkirikA あきりか,メンバー（6 か月）,クーポン生活できそう
58:04,憂鬱なペンギン,非メンバー,地下室なら防音にもある程度なるからね！
58:08,燐姫,メンバー（6 か月）,竹は落葉するものもしないのもいる
58:18,酒虎shutra,新規メンバー,傷みやすいけども......
58:23,えのころ,メンバー（6 か月）,時間停止アイテムボックスなんよ
58:33,あまなえつかさ,メンバー（6 か月）,筍の水煮パックw
58:35,クロノ,非メンバー,真空パックを植える…？
58:40,Torte,メンバー（6 か月）,植物！
59:12,ミーン・ショー,メンバー（6 か月）,ひちゅじゅ
59:15,おおばさん,メンバー（6 か月）,ひつゅじゅ
59:28,クーヤ,メンバー（6 か月）,にかいめ！
59:33,酒虎shutra,新規メンバー,新鮮
59:41,おおばさん,メンバー（6 か月）,四次元ポストなのでしょう
59:48,あん九ろ,メンバー（6 か月）,すげえ！
59:52,憂鬱なペンギン,非メンバー,竹でベンチ作れるし、筍植えてみたいね
59:56,酒虎shutra,新規メンバー,時知らずタケノコ
1:00:17,えあ,新規メンバー,たけのこたけのこニョッキッキ
1:00:28,百曜わらびもち,非メンバー,書いちゃいました
1:00:31,ネムアムリ,メンバー（2 か月）,筍と言えば、炊き込みご飯にしたいですね…
1:00:35,斬鬼さん,メンバー（6 か月）,タケノコ生えるｗ
1:00:44,大車輪,メンバー（6 か月）,ポエット！
1:00:44,ミーン・ショー,メンバー（6 か月）,バラだ
1:00:44,クーヤ,メンバー（6 か月）,anaママ！？
1:00:45,AkirikA あきりか,メンバー（6 か月）,草
1:00:49,星憶,非メンバー,謎文ｗ
1:00:50,あん九ろ,メンバー（6 か月）,anaママ刺されたのか
1:00:54,さくら桜,メンバー（6 か月）,草
1:00:56,おおばさん,メンバー（6 か月）,ana御母様！？
1:00:58,大車輪,メンバー（6 か月）,紫色だがバラの便箋だ・・・
1:01:02,わっちょンネル,メンバー（6 か月）,草
1:01:08,りゅうと,非メンバー,草
1:01:09,百曜わらびもち,非メンバー,たけのこ美味しい
1:01:09,おおばさん,メンバー（6 か月）,きのこさん～
1:01:16,もふ水[もふみず],メンバー（6 か月）,おぉ！
1:01:37,ネムアムリ,メンバー（2 か月）,たけのこさーん(se)
1:01:38,りゅうと,非メンバー,たけのこさん〜
1:01:42,Kinan M,非メンバー,おお！モンステラ！
1:01:44,AkirikA あきりか,メンバー（6 か月）,もう1時！？
1:01:51,サウザントほり,メンバー（6 か月）,急がなきゃ！
1:01:54,えあ,新規メンバー,もう１時間経ってた
1:02:02,憂鬱なペンギン,非メンバー,まあポストの大掃除と考えれば
1:02:10,ミーン・ショー,メンバー（6 か月）,モンステラはよく見るやつだ
1:02:20,卵自由,非メンバー,プレゼント開封配信だったか…
1:02:39,おおばさん,メンバー（6 か月）,あらかわ
1:02:48,ななつぼし,メンバー（2 か月）,モンステラ検索したけど確かに見たことあるやつだ
1:02:57,ネムアムリ,メンバー（2 か月）,コニファーさんらしく、花か植物関連ですかねー
1:03:01,憂鬱なペンギン,非メンバー,白い薔薇が無さそうかな…？
1:03:17,ヘキスカ,非メンバー,大丈夫
1:03:19,あまもーど,メンバー（6 か月）,大丈夫ですよ
1:03:21,さんかくみんおん,メンバー（6 か月）,大丈夫だよ
1:03:30,菱垣廻船,新規メンバー,２４日にさっきのジングルさんからもらえたりしたのです……
1:03:38,クーヤ,メンバー（6 か月）,普通ので大丈夫ですよ
1:03:47,ななつぼし,メンバー（2 か月）,さすが！
1:03:58,憂鬱なペンギン,非メンバー,イースター家具もアリかな？
1:04:05,AkirikA あきりか,メンバー（6 か月）,いっぱいお出かけする時にプレゼントしてましたもんね
1:04:48,ヘキスカ,非メンバー,ダブってる家具とかでもいいいんじゃない？
1:04:56,百曜わらびもち,非メンバー,お花は植えないと咲かないのだわ
1:05:20,Zirach,非メンバー,Merry Christmas!!!
1:05:30,ミーン・ショー,メンバー（6 か月）,格言ぽい→お花は植えないと咲かない
1:05:35,Alex law,非メンバー,クリスマス🎄
1:06:13,クーヤ,メンバー（6 か月）,鳩時計オシャレ
1:07:10,百曜わらびもち,非メンバー,いつの間にか🕐こんな時間なんだぜ
1:07:31,憂鬱なペンギン,非メンバー,プレゼント
1:07:34,星憶,非メンバー,草
1:07:36,菱垣廻船,新規メンバー,プレゼント交換？
1:07:36,AkirikA あきりか,メンバー（6 か月）,DIYレシピの確認？
1:07:40,えあ,新規メンバー,草
1:07:41,ヘキスカ,非メンバー,DIYレシピ
1:07:41,ミーン・ショー,メンバー（6 か月）,およ
1:07:41,ああああああ,非メンバー,たまにあるやつね
1:07:45,あん九ろ,メンバー（6 か月）,草
1:07:45,燐姫,メンバー（6 か月）,絵、エリーさん？
1:07:52,ミーン・ショー,メンバー（6 か月）,あるある
1:07:58,おおばさん,メンバー（6 か月）,わかるわかるあるある
1:07:59,Conbunco,メンバー（6 か月）,YOUはなにしに銀行へ？
1:08:06,憂鬱なペンギン,非メンバー,そもそも記憶にすら無かった私←
1:08:18,百曜わらびもち,非メンバー,忘れるの割とよくある
1:08:53,Ureim Ikasorihs,新規メンバー,w
1:09:13,AkirikA あきりか,メンバー（6 か月）,イースター家具ほとんど作ってた記憶ないな
1:09:18,ネムアムリ,メンバー（2 か月）,作ったものはマークついたはずですー
1:09:54,りゅうと,非メンバー,明日早いので寝ます。エリーちゃんメリークリスマス!
1:10:02,クーヤ,メンバー（6 か月）,かわいい
1:10:02,マルセミコウモリ,メンバー（6 か月）,ｶﾞﾝﾊﾞ
1:10:31,憂鬱なペンギン,非メンバー,少ない卵はあまり使いたく無いね
1:10:32,おおばさん,メンバー（6 か月）,無理に珍しいもの、新しいものでなくても良いかとは思いますよ
1:10:43,百曜わらびもち,非メンバー,私もお先に上がりますメリークリスマス
1:11:04,おおばさん,メンバー（6 か月）,材料にしなくちゃ･･･
1:11:05,燐姫,メンバー（6 か月）,こんなところに～！
1:11:15,ヘキスカ,非メンバー,卵の時計？
1:11:18,石原,非メンバー,鳩時計ってリアルに持ってる人おるんかね
1:11:25,憂鬱なペンギン,非メンバー,ウォールクロックなら壁スペースさえあれば簡単に飾れそう
1:11:38,おおばさん,メンバー（6 か月）,うちあるな鳩時計･･･
1:11:39,あいらgameちゃんねる,非メンバー,メリークリスマス(^^♪
1:11:47,ネムアムリ,メンバー（2 か月）,プレゼントは気持ちですね
1:12:00,サウザントほり,メンバー（6 か月）,お洋服なら着てくれるかなー
1:12:00,おおばさん,メンバー（6 か月）,エリーさんがプレゼントじっくり悩んでしまうタイプなの解釈一致
1:12:16,ミーン・ショー,メンバー（6 か月）,シルビアさんとロリータファッションデート
1:12:27,憂鬱なペンギン,非メンバー,ゴージャス…よく分からないなぁ僕は
1:12:32,ネムアムリ,メンバー（2 か月）,リースとか可愛いですね
1:12:36,ななつぼし,メンバー（2 か月）,虹色のラグ綺麗だな
1:12:41,おおばさん,メンバー（6 か月）,ワンピースは着てくれないかも･･･？
1:12:47,憂鬱なペンギン,非メンバー,シルビアさん何色が好きかなぁ
1:12:55,クーヤ,メンバー（6 か月）,壁掛けもオシャレ
1:13:05,和也,非メンバー,エリー可愛いね～！
1:13:12,おおばさん,メンバー（6 か月）,というよりたぶん、体型的な問題で･･･
1:13:52,憂鬱なペンギン,非メンバー,洋服関連はその辺シビアなのか
1:13:53,サウザントほり,メンバー（6 か月）,かわいい
1:13:53,おおばさん,メンバー（6 か月）,たっぷり悩まれるエリーさんすき
1:14:11,おおばさん,メンバー（6 か月）,パッキャマラド！
1:14:13,サウザントほり,メンバー（6 か月）,時計ぽちぃ！
1:14:20,サウザントほり,メンバー（6 か月）,かわいいー！
1:14:23,ネムアムリ,メンバー（2 か月）,可愛い
1:14:24,Torte,メンバー（6 か月）,作業台かわいい！
1:14:33,もふ水[もふみず],メンバー（6 か月）,ポチィ！
1:14:33,おおばさん,メンバー（6 か月）,ぽちぃ！
1:14:38,ネムアムリ,メンバー（2 か月）,ﾄﾝﾃﾝｶﾝﾃﾝ
1:14:47,おおばさん,メンバー（6 か月）,ふっふー♪
1:14:59,大車輪,メンバー（6 か月）,気に入ってくれるといいですね～
1:15:09,憂鬱なペンギン,非メンバー,紅茶嗜みながら見るのがオススメだぞぃ！
1:15:18,あん九ろ,メンバー（6 か月）,いえす！
1:15:22,AkirikA あきりか,メンバー（6 か月）,起きてるかな
1:15:26,憂鬱なペンギン,非メンバー,そもそも起きてるか…
1:15:30,AkirikA あきりか,メンバー（6 か月）,出会ったのは1時前でしたね
1:15:34,おおばさん,メンバー（6 か月）,こんこん
1:15:41,あん九ろ,メンバー（6 か月）,よし
1:15:48,AkirikA あきりか,メンバー（6 か月）,よかった
1:15:49,Torte,メンバー（6 か月）,よかった〜
1:15:55,もふ水[もふみず],メンバー（6 か月）,よかったよかった
1:16:01,燐姫,メンバー（6 か月）,くわっ
1:16:03,あまもーど,メンバー（6 か月）,喜んでくれるといいですね
1:16:06,憂鬱なペンギン,非メンバー,エリーサンタさんが来たぞ〜！
1:16:24,Torte,メンバー（6 か月）,喜んでもらえた！
1:16:24,あん九ろ,メンバー（6 か月）,おお
1:16:25,酒虎shutra,新規メンバー,嬉しいなぁ
1:16:26,ななつぼし,メンバー（2 か月）,やっちゃ！
1:16:27,おおばさん,メンバー（6 か月）,部屋に飾ってくれるかなぁ
1:16:42,おおばさん,メンバー（6 か月）,うれしい
1:16:44,AkirikA あきりか,メンバー（6 か月）,なんだろなんだろ
1:16:44,サウザントほり,メンバー（6 か月）,プレゼントやっちゃー！
1:16:46,わっちょンネル,メンバー（6 か月）,いいねぇ～！
1:16:52,Torte,メンバー（6 か月）,やった〜！
1:17:09,おおばさん,メンバー（6 か月）,エリーさんといられて幸せですよ･･･
1:17:26,大車輪,メンバー（6 か月）,なにかな～
1:17:29,大車輪,メンバー（6 か月）,すっげぇ！？
1:17:33,サウザントほり,メンバー（6 か月）,おお！ラジヘリ！
1:17:35,ネムアムリ,メンバー（2 か月）,ラジコンヘリ!
1:17:40,おおばさん,メンバー（6 か月）,ぶーーーん
1:17:43,石原,非メンバー,ほしい
1:17:43,AkirikA あきりか,メンバー（6 か月）,また意外なものがｗ
1:17:45,えあ,新規メンバー,クリスマスっぽいプレゼント
1:17:47,星憶,非メンバー,カッコイイ
1:17:53,ななつぼし,メンバー（2 か月）,飛ばせるんですかね
1:18:03,ネムアムリ,メンバー（2 か月）,高そう
1:18:38,ネムアムリ,メンバー（2 か月）,卵って植物だったのか…
1:18:39,酒虎shutra,新規メンバー,出荷された卵自由草さま
1:18:45,Torte,メンバー（6 か月）,:_elixirEli:コプター
1:18:45,もふ水[もふみず],メンバー（6 か月）,🚁
1:18:50,サウザントほり,メンバー（6 か月）,ピンクでかわいい！
1:18:51,おおばさん,メンバー（6 か月）,ピンク！
1:18:51,あん九ろ,メンバー（6 か月）,おお
1:18:58,斬鬼さん,メンバー（6 か月）,ピンクだ！
1:19:03,あまもーど,メンバー（6 か月）,かわいい
1:19:03,さくら桜,メンバー（6 か月）,おお～
1:19:09,酒虎shutra,新規メンバー,ショーケースあればいいよねぇ
1:19:16,おおばさん,メンバー（6 か月）,おおおーー
1:19:22,斬鬼さん,メンバー（6 か月）,！？
1:19:24,おおばさん,メンバー（6 か月）,飛んだああああああああ
1:19:24,えあ,新規メンバー,自動制御だと…
1:19:24,がおちゃ,非メンバー,とんだああああああ
1:19:25,Player 5,メンバー（1 か月）,！？
1:19:32,やみい/朝日奈樒,非メンバー,飛んだー！
1:19:34,わっちょンネル,メンバー（6 か月）,飛んだァァ！？
1:19:34,サウザントほり,メンバー（6 か月）,すげぇ！
1:19:38,黒酢,メンバー（1 か月）,自動制御型ラジコン！？
1:19:41,カルチョムトト,非メンバー,メリークリスマス！
1:19:41,決してマウントを取らない跡部景吾[27],非メンバー,な、なんだってーーーーーーーーーーーー
1:19:44,憂鬱なペンギン,非メンバー,一人でに飛ぶなんてハイテク
1:19:50,酒虎shutra,新規メンバー,相当お高いのでは...
1:20:02,おおばさん,メンバー（6 か月）,無事サンタになれましたね！
1:20:06,憂鬱なペンギン,非メンバー,エリコプターだな！
1:20:14,hani,非メンバー,初見です！
1:20:20,もふ水[もふみず],メンバー（6 か月）,タイトルに偽りなし！
1:20:20,サウザントほり,メンバー（6 か月）,タイトル回収！
1:20:22,Torte,メンバー（6 か月）,タイトル回収！
1:20:22,さくら桜,メンバー（6 か月）,エリー・サンタ！
1:20:22,ミーン・ショー,メンバー（6 か月）,やっちゃー！
1:20:30,AkirikA あきりか,メンバー（6 か月）,やっちゃー
1:20:35,えあ,新規メンバー,サンタになれてよかった
1:20:35,おおばさん,メンバー（6 か月）,じゃあ家の前に置いておいてあげましょ
1:20:40,決してマウントを取らない跡部景吾[27],非メンバー,本日のノルマ達成
1:20:42,星憶,非メンバー,クリスマスっぽいことで来てよかった
1:20:42,サウザントほり,メンバー（6 か月）,よかったよかった！
1:20:44,憂鬱なペンギン,非メンバー,大掃除とサンタ業をきちんとこなしたね！
1:20:50,AkirikA あきりか,メンバー（6 か月）,危うく企画倒れするところだった…
1:20:51,酒虎shutra,新規メンバー,タイトル回収よかった
1:20:56,中古のエクスカリバー,非メンバー,メリークリスマス
1:21:04,AkirikA あきりか,メンバー（6 か月）,見ましたね～
1:21:21,サウザントほり,メンバー（6 か月）,海の幸！
1:21:33,斬鬼さん,メンバー（6 か月）,フータも泳げと言う気かなｗ
1:21:39,ネムアムリ,メンバー（2 か月）,海の幸よきよき
1:21:39,あん九ろ,メンバー（6 か月）,泳げと
1:21:45,黒酢,メンバー（1 か月）,遠回しに寒中遊泳を勧めてくるフータ
1:21:54,AkirikA あきりか,メンバー（6 か月）,おおー
1:21:56,サウザントほり,メンバー（6 か月）,絵画！
1:22:00,もふ水[もふみず],メンバー（6 か月）,おぉ～
1:22:08,あん九ろ,メンバー（6 か月）,絵画いいね
1:22:14,Torte,メンバー（6 か月）,おお〜美術館か〜
1:22:14,憂鬱なペンギン,非メンバー,美術品といえば…
1:22:18,ヘキスカ,非メンバー,彫刻
1:22:27,Chiroko Boko,非メンバー,Merry Christmas ☃️🌲☃️
1:22:31,菱垣廻船,新規メンバー,マジモンの絵画を蒐集できるのです、ジッサイスゴイ
1:22:33,AkirikA あきりか,メンバー（6 か月）,冬しか取れない海の幸もあるからね…
1:23:25,ネムアムリ,メンバー（2 か月）,しかし、ここに本物の美術品が置かれると言うことは、今現在置かれている絵画を買い取ると言うことなのでは…
1:23:41,卵自由,非メンバー,DM
1:23:44,おおばさん,メンバー（6 か月）,システムボイス(？)すき
1:23:50,星憶,非メンバー,確かにそうだけども
1:24:01,おおばさん,メンバー（6 か月）,そしてタケノコ
1:24:06,AkirikA あきりか,メンバー（6 か月）,タケノコ業者…
1:24:08,ななつぼし,メンバー（2 か月）,めっちゃタケノコくれる
1:24:35,クーヤ,メンバー（6 か月）,タケノコ祭りじゃああああ
1:24:40,憂鬱なペンギン,非メンバー,机が欲しいよなぁ
1:24:48,おおばさん,メンバー（6 か月）,あら！
1:24:53,サウザントほり,メンバー（6 か月）,誕生日のお祝いしてくれてる！
1:24:53,ミーン・ショー,メンバー（6 か月）,おー
1:24:55,えあ,新規メンバー,日付がわかった
1:25:02,おおばさん,メンバー（6 か月）,御母様･･･粋なことを･･･
1:25:05,ななつぼし,メンバー（2 か月）,ここでまだ3か月前ってことか
1:25:05,大車輪,メンバー（6 か月）,いつもながらポエット！
1:25:15,海江,非メンバー,お母さま…
1:25:17,おおばさん,メンバー（6 か月）,こちらもタケノコでー
1:25:20,サウザントほり,メンバー（6 か月）,ケーキ！
1:25:22,おおばさん,メンバー（6 か月）,はわー
1:25:22,ミーン・ショー,メンバー（6 か月）,ちょうどちょっと前にお母さまが誕生日だったからこれはこれで良いタイミング
1:25:25,ネムアムリ,メンバー（2 か月）,おー！
1:25:28,卵自由,非メンバー,anaママ…
1:25:33,憂鬱なペンギン,非メンバー,家具扱いのケーキとは
1:25:46,おおばさん,メンバー（6 か月）,このケーキもきっと冷凍されていたから大丈夫
1:25:57,憂鬱なペンギン,非メンバー,随分と遅くなっちゃったけど、ちゃんと受け取れたね
1:26:07,ネムアムリ,メンバー（2 か月）,食品サンプルかもしれない
1:26:44,サウザントほり,メンバー（6 か月）,DIYで作れないかな
1:26:55,おおばさん,メンバー（6 か月）,こんなときこそDIY？
1:27:18,ヘキスカ,非メンバー,出してないね
1:27:21,AkirikA あきりか,メンバー（6 か月）,あなた疲れてるのよ…
1:27:24,ネムアムリ,メンバー（2 か月）,お外にケーキは蟻が凄そう
1:27:24,Torte,メンバー（6 か月）,あなた疲れてるのよ…
1:27:25,おおばさん,メンバー（6 か月）,出してないなとおもいました
1:27:30,綺磨咲ボボンボンボ,メンバー（6 か月）,ちゃんと寝てもろて
1:27:32,さくら桜,メンバー（6 か月）,しっかり寝て…
1:27:35,ミーン・ショー,メンバー（6 か月）,今週配信多いですし
1:27:36,酒虎shutra,新規メンバー,:_elixirOoo::_elixirYoyo::_elixirYoyo:・・・
1:27:39,Player 5,メンバー（1 か月）,もう1時半か...Zzz
1:27:45,憂鬱なペンギン,非メンバー,キリ良い所で寝ましょ
1:27:46,ネムアムリ,メンバー（2 か月）,無理せず寝ていただいてですね…
1:27:49,おおばさん,メンバー（6 か月）,無理なくお休みくださいね･･･
1:28:00,ななつぼし,メンバー（2 か月）,今週頑張ってらっしゃいましたから・・・
1:28:10,憂鬱なペンギン,非メンバー,ポッポー
1:28:37,えあ,新規メンバー,はーい
1:28:40,あん九ろ,メンバー（6 か月）,なんだかんだケーキももらえたし
1:28:48,もふ水[もふみず],メンバー（6 か月）,いいねぇ
1:28:59,サウザントほり,メンバー（6 か月）,わー！
1:28:59,AkirikA あきりか,メンバー（6 か月）,おおー！
1:28:59,ミーン・ショー,メンバー（6 か月）,ガゼボのテーブルに似てる！
1:28:59,ネムアムリ,メンバー（2 か月）,可愛い！！
1:28:59,あん九ろ,メンバー（6 か月）,おお
1:29:04,酒虎shutra,新規メンバー,美味しそう...
1:29:09,サウザントほり,メンバー（6 か月）,豪華だー！
1:29:09,さくら桜,メンバー（6 か月）,いいね
1:29:09,ミーン・ショー,メンバー（6 か月）,かわいい
1:29:14,あまもーど,メンバー（6 か月）,いちごのケーキだ！
1:29:16,大車輪,メンバー（6 か月）,美味しそうー！
1:29:16,月光,非メンバー,リメイクしても面白いよー
1:29:16,Torte,メンバー（6 か月）,ほんまや！
1:29:20,サウザントほり,メンバー（6 か月）,さすがお母さん！
1:29:26,おおばさん,メンバー（6 か月）,かわいい
1:29:29,雪音トワ,非メンバー,かわいい
1:29:29,大車輪,メンバー（6 か月）,お茶会にも持っていけそうなケーキ！
1:29:31,ミーン・ショー,メンバー（6 か月）,いいね～
1:29:42,ラムキシ,非メンバー,かわいい
1:29:44,ネムアムリ,メンバー（2 か月）,ピアノのまる椅子があるじゃろ？
1:29:59,大車輪,メンバー（6 か月）,この季節に外に植物は厳しいｗ
1:29:59,あまなえつかさ,メンバー（6 か月）,お花をスコップで植え替えます？
1:30:28,憂鬱なペンギン,非メンバー,cop!
1:30:45,あん九ろ,メンバー（6 か月）,トンボこの時期に飛ぶのか
1:30:49,斬鬼さん,メンバー（6 か月）,まっさかー？
1:30:53,大車輪,メンバー（6 か月）,いま、後ろをトンボさんが・・・
1:30:56,さんかくみんおん,メンバー（6 か月）,そろそろおねむなので失礼いたします 皆様よいクリスマスを！
1:31:01,えあ,新規メンバー,季節を間違えたトンボさん
1:31:12,えあ,新規メンバー,おやすみなさいませ～
1:31:17,おおばさん,メンバー（6 か月）,うっかりさんだ
1:31:20,おおばさん,メンバー（6 か月）,あらまぁ
1:31:23,サウザントほり,メンバー（6 か月）,利息すごい！
1:31:23,ミーン・ショー,メンバー（6 か月）,あらら
1:31:26,クーヤ,メンバー（6 か月）,冬にも飛ぶ子がいるみたい
1:31:30,AkirikA あきりか,メンバー（6 か月）,おおー
1:31:31,さくら桜,メンバー（6 か月）,おおすごい
1:31:37,おおばさん,メンバー（6 か月）,そんなこともあるのかぁ
1:31:42,もふ水[もふみず],メンバー（6 か月）,この銀行に預けたい
1:31:42,匿名Gorilla,メンバー（6 か月）,財テク妖精
1:31:49,憂鬱なペンギン,非メンバー,9が連続してたのはこの利息なのかな
1:31:56,おおばさん,メンバー（6 か月）,頼んでもないのに酷評が届くのこわい
1:32:20,黒酢,メンバー（1 か月）,怪しい勧誘みたいな...
1:32:22,ななつぼし,メンバー（2 か月）,なんか怖い
1:32:25,えあ,新規メンバー,ある意味怖い
1:32:25,卵自由,非メンバー,大人ボイス助かる。
1:32:29,AkirikA あきりか,メンバー（6 か月）,こわい
1:32:59,クーヤ,メンバー（6 か月）,これを読んでいるていでたぬきちは話してたのね
1:33:16,エンダーヴァリー,メンバー（6 か月）,おか:_elixirEli::_elixirWow:
1:33:31,おおばさん,メンバー（6 か月）,おおおお
1:33:31,Torte,メンバー（6 か月）,ブッシュドノエル！！！
1:33:32,斬鬼さん,メンバー（6 か月）,おお！
1:33:35,AkirikA あきりか,メンバー（6 か月）,一年越しのブッシュドノエル
1:33:36,えあ,新規メンバー,おー！
1:33:38,酒虎shutra,新規メンバー,雰囲気あるなぁ
1:33:38,ネムアムリ,メンバー（2 か月）,クリスマスっぽい！
1:33:41,ミーン・ショー,メンバー（6 か月）,おいしそう
1:34:03,憂鬱なペンギン,非メンバー,仮装パーティー…ハロウィンイベントに伴ってのアプデかな
1:34:04,志賀市,非メンバー,くりすます！
1:34:14,ミーン・ショー,メンバー（6 か月）,バラのベッドだ
1:34:15,おおばさん,メンバー（6 か月）,ほー！
1:34:17,サウザントほり,メンバー（6 か月）,あらオシャレー！
1:34:17,Torte,メンバー（6 か月）,薔薇のベッド！
1:34:21,えあ,新規メンバー,なにげに良いベッド
1:34:29,AkirikA あきりか,メンバー（6 か月）,おおー薔薇だ
1:34:29,もふ水[もふみず],メンバー（6 か月）,おしゃれ～！
1:34:31,あん九ろ,メンバー（6 か月）,情熱的なベッド！
1:34:34,匿名Gorilla,メンバー（6 か月）,わーすてき
1:34:51,もふ水[もふみず],メンバー（6 か月）,( ˘ω˘)ｽﾔｧ…
1:34:53,AkirikA あきりか,メンバー（6 か月）,これは寂しい部屋…
1:34:55,大車輪,メンバー（6 か月）,( ˘ω˘)ｽﾔｧ
1:34:57,ななつぼし,メンバー（2 か月）,ｽﾔｧ
1:34:57,酒虎shutra,新規メンバー,エリー様も寝てもろて...
1:35:01,匿名Gorilla,メンバー（6 か月）,はじっこでｗ
1:35:02,ネムアムリ,メンバー（2 か月）,ｽﾔｧ
1:35:05,Torte,メンバー（6 か月）,ｽﾔｧ
1:35:35,Mas I wash,非メンバー,夢番地制度ですね
1:35:47,ルセアート。,メンバー（6 か月）,今北
1:35:54,あん九ろ,メンバー（6 か月）,クリスマース！
1:36:01,ミーン・ショー,メンバー（6 か月）,エリー・クリスマス
1:36:05,ネムアムリ,メンバー（2 か月）,エリークリスマス！
1:36:05,月光,非メンバー,「の」
1:36:09,もふ水[もふみず],メンバー（6 か月）,おなか減ってきた…
1:36:09,サウザントほり,メンバー（6 か月）,エリークリスマース！
1:36:09,菱垣廻船,新規メンバー,逆に言うとエリーのトリクルタル島を配信中でなくとも公開できるのです。しかも荒らされない
1:36:09,やみい/朝日奈樒,非メンバー,かわいい
1:36:11,さくら桜,メンバー（6 か月）,:_elixirEli::_elixirRibon:クリスマス！
1:36:12,おおばさん,メンバー（6 か月）,食いしんぼこにふぁーだ！
1:36:18,ななつぼし,メンバー（2 か月）,:_elixirEli::_elixirRibon:クリスマス！
1:36:21,ネムアムリ,メンバー（2 か月）,:_elixirEli::_elixirRibon:クリスマス！
1:36:33,Conbunco,メンバー（6 か月）,:_elixirWow:
1:36:35,卵自由,非メンバー,エリークリスマース！
1:36:39,Torte,メンバー（6 か月）,の
1:36:46,ザワールド,非メンバー,💮
1:37:09,shimakid,メンバー（6 か月）,:_elixirEli::_elixirRibon:クリ:_elixirSusu:マス:_elixirWow:
1:37:21,クーヤ,メンバー（6 か月）,:_elixirEli::_elixirRibon:クリスマース！
1:37:28,AkirikA あきりか,メンバー（6 か月）,すしざんまい
1:37:32,サウザントほり,メンバー（6 か月）,どーぞ。
1:37:36,おおばさん,メンバー（6 か月）,すしざんまい！
1:37:48,Torte,メンバー（6 か月）,エリざんまい
1:37:50,あん九ろ,メンバー（6 か月）,すしざんまい！
1:37:51,えのころ,メンバー（6 か月）,すしざんまい
1:37:52,ミーン・ショー,メンバー（6 か月）,かわいい
1:37:58,ネムアムリ,メンバー（2 か月）,すしざんまい！
1:38:15,Cナノ,非メンバー,すしざんまい！
1:38:15,Ariq Fajar,非メンバー,kawaii~
1:38:22,あん九ろ,メンバー（6 か月）,おお！
1:38:22,大車輪,メンバー（6 か月）,エリーちゃんのケーキ三昧！
1:38:23,サウザントほり,メンバー（6 か月）,ナイスゥ！
1:38:23,斬鬼さん,メンバー（6 か月）,おお！
1:38:25,綺磨咲ボボンボンボ,メンバー（6 か月）,かわいい
1:38:25,Torte,メンバー（6 か月）,ナイスショット！
1:38:27,がおちゃ,非メンバー,ナイスタイミングすぎるｗ
1:38:27,えのころ,メンバー（6 か月）,ないすぅ
1:38:28,ヘキスカ,非メンバー,ナイス
1:38:28,AkirikA あきりか,メンバー（6 か月）,写りたがりだ
1:38:28,星憶,非メンバー,ナイスタイミング
1:38:28,おおばさん,メンバー（6 か月）,やっちゃー！！
1:38:31,えぬ,新規メンバー,ないすぅ！
1:38:31,菱垣廻船,新規メンバー,ナイスタイミング！
1:38:36,雪音トワ,非メンバー,ナイス
1:38:37,Freec Aleister,非メンバー,ナイスゥ！
1:38:42,あまもーど,メンバー（6 か月）,ナイスショット！
1:38:50,ななつぼし,メンバー（2 か月）,一般通過トナカイさん
1:38:51,ラムキシ,非メンバー,ナイスゥ！
1:39:03,Mas I wash,非メンバー,やさしい
1:39:08,AkirikA あきりか,メンバー（6 か月）,鹿とトナカイの貴重な共演
1:39:08,がおちゃ,非メンバー,撮る瞬間だけこっちむいてくれるなんて
1:39:35,おおばさん,メンバー（6 か月）,HAHAHA
1:39:40,ネムアムリ,メンバー（2 か月）,確かに
1:40:05,人,非メンバー,お疲れ様
1:40:11,AkirikA あきりか,メンバー（6 か月）,ポチィ
1:40:13,サウザントほり,メンバー（6 か月）,ぽちぃ！
1:40:15,Torte,メンバー（6 か月）,ぽちぃ
1:40:24,菱垣廻船,新規メンバー,ぽちぃ！
1:40:26,斬鬼さん,メンバー（6 か月）,ぽちぃー！
1:40:28,雪音トワ,非メンバー,ぽちぃ
1:40:30,ネムアムリ,メンバー（2 か月）,ﾎﾟﾁｨ!
1:40:32,えあ,新規メンバー,ぽちぃ！
1:40:48,夜来碧,非メンバー,ぽちぃ！
1:40:59,LeoNz,非メンバー,Eli Christmas
1:41:04,おおばさん,メンバー（6 か月）,かわいい
1:41:17,Ariq Fajar,非メンバー,Eli Christmas~
1:41:43,おおばさん,メンバー（6 か月）,一般通過プレゼント
1:41:45,Ariq Fajar,非メンバー,gift!?
1:41:47,サウザントほり,メンバー（6 か月）,魔剤…
1:41:49,Cナノ,非メンバー,風船！
1:41:52,ななつぼし,メンバー（2 か月）,魔剤
1:41:54,がおちゃ,非メンバー,プレゼントさん！？
1:42:10,RAITO,メンバー（6 か月）,おつ:_elixirEli::_elixirRibon::_elixirDede::_elixirSusu:
1:42:15,クーヤ,メンバー（6 か月）,サンタさん！
1:42:18,サウザントほり,メンバー（6 か月）,3多さん！
1:42:24,もふ水[もふみず],メンバー（6 か月）,なるほど！
1:42:25,さくら桜,メンバー（6 か月）,なるほど
1:42:27,Torte,メンバー（6 か月）,３がいっぱいでたくさんた
1:42:31,ななつぼし,メンバー（2 か月）,三田さん
1:42:33,綺磨咲ボボンボンボ,メンバー（6 か月）,あれかわいかった
1:42:53,卵自由,非メンバー,犬ぞりの三田さんよかった。
1:43:07,サウザントほり,メンバー（6 か月）,ふんわりこにふぁー
1:43:19,酒虎shutra,新規メンバー,音ゲーマーご用達魔剤...
1:43:47,有形ゆうけい,メンバー（6 か月）,さて今更北こん:_elixirEli::_elixirRibon:メリクリ〜
1:44:01,サウザントほり,メンバー（6 か月）,一緒に過ごすクリスマス楽しいんだァ
1:44:06,ななつぼし,メンバー（2 か月）,自分も嬉しい・・・
1:44:18,AkirikA あきりか,メンバー（6 か月）,2年連続で過ごせてよかった…
1:44:33,酒虎shutra,新規メンバー,ホスピタリティ溢れるエリー様たすかる
1:44:37,匿名Gorilla,メンバー（6 か月）,癒されたー
1:44:39,星憶,非メンバー,いつも癒されてるよ！ありがとうエリーコニファー
1:44:46,クミ,非メンバー,来て10秒で可愛いとわかる配信
1:45:00,えあ,新規メンバー,良いクリスマスが過ごせました、ありがとうございます！
1:45:56,有形ゆうけい,メンバー（6 か月）,そし鱈🐡(河豚
1:46:09,サウザントほり,メンバー（6 か月）,忘年会ボイス27日まで！
1:46:26,おおばさん,メンバー（6 か月）,はい
1:46:30,ななつぼし,メンバー（2 か月）,明日（今日）が金曜です
1:46:33,Torte,メンバー（6 か月）,お昼もあるんや！楽しみ！
1:46:36,酒虎shutra,新規メンバー,昼定期は欠かさず見ます...！
1:46:48,ミーン・ショー,メンバー（6 か月）,はーい！
1:46:48,おおばさん,メンバー（6 か月）,あらま
1:46:54,斬鬼さん,メンバー（6 か月）,いいね！
1:46:56,骨ごと呑み込みます,非メンバー,こんえり～♪
1:46:59,骨ごと呑み込みます,非メンバー,こんえり～♪
1:47:01,おおばさん,メンバー（6 か月）,いま配信中に食べてしまった･･･
1:47:01,骨ごと呑み込みます,非メンバー,こんえり～♪
1:47:11,骨ごと呑み込みます,非メンバー,こんえり～♪
1:47:13,骨ごと呑み込みます,非メンバー,こんえり～♪
1:47:19,ネムアムリ,メンバー（2 か月）,なかなか忙しい…
1:47:19,サウザントほり,メンバー（6 か月）,クリスマス弐寺も乙なものだねー
1:47:22,骨ごと呑み込みます,非メンバー,こんえり～♪
1:47:28,骨ごと呑み込みます,非メンバー,こんえり～♪
1:47:36,有形ゆうけい,メンバー（6 か月）,もしくはお皿回しながらケーキを食べる(無茶振り
1:47:36,骨ごと呑み込みます,非メンバー,こんえり～♪
1:47:39,おおばさん,メンバー（6 か月）,高確率･･･！
1:47:39,しゃな,非メンバー,可愛い…癒しをありがとう…
1:47:45,雪音トワ,非メンバー,二回行動助かる
1:47:48,骨ごと呑み込みます,非メンバー,こんえり～♪
1:47:50,骨ごと呑み込みます,非メンバー,こんえり～♪
1:47:51,あん九ろ,メンバー（6 か月）,2回行動ありがとう
1:47:53,骨ごと呑み込みます,非メンバー,こんえり～♪
1:47:56,骨ごと呑み込みます,非メンバー,こんえり～♪
1:48:16,AkirikA あきりか,メンバー（6 か月）,年末も稼働…！
1:48:17,ミーン・ショー,メンバー（6 か月）,やった
1:48:21,もふ水[もふみず],メンバー（6 か月）,祝日…？知らない言葉ですね……
1:48:21,おおばさん,メンバー（6 か月）,おお･･･嬉しい･･･
1:48:26,骨ごと呑み込みます,非メンバー,こんえり～♪
1:48:31,おおばさん,メンバー（6 か月）,お忙しくはないですか
1:48:31,サウザントほり,メンバー（6 か月）,元旦も！？
1:48:32,斬鬼さん,メンバー（6 か月）,30日が微妙なとこですが、、、エリーにおまかせです！
1:48:38,匿名Gorilla,メンバー（6 か月）,元日も！？
1:48:40,あまなえつかさ,メンバー（6 か月）,元日は祝日では？w
1:48:40,有形ゆうけい,メンバー（6 か月）,金曜かぁ
1:48:40,ミーン・ショー,メンバー（6 か月）,元日って平日だったんだ
1:48:42,AkirikA あきりか,メンバー（6 か月）,元日は祝日じゃないのかな…？
1:48:52,ななつぼし,メンバー（2 か月）,元日は祝日でございます
1:48:59,Ariq Fajar,非メンバー,hm?
1:49:02,サウザントほり,メンバー（6 か月）,元旦は祝日かー
1:49:04,おおばさん,メンバー（6 か月）,なんと･･･！！
1:49:10,ネムアムリ,メンバー（2 か月）,元日は祝日ですね…
1:49:17,イカ,非メンバー,元日……休み……うっ頭が
1:49:20,えのころ,メンバー（6 か月）,日本では祝日です
1:49:20,AkirikA あきりか,メンバー（6 か月）,あるならある方が嬉しいですけども！
1:49:21,Torte,メンバー（6 か月）,日本では祝日やね
1:49:26,おおばさん,メンバー（6 か月）,お休みいただいてもそれはそれで特別感あって好きですよ
1:49:37,ツキノ,非メンバー,何でそんなに嬉しいことをしてくれるんですか⁉︎さらに好きになってしまう‥
1:49:39,星憶,非メンバー,わぁお
1:49:43,サウザントほり,メンバー（6 か月）,メイドさんの大変なところだね…
1:50:03,テツ Vtuber切り抜き,メンバー（1 か月）,台湾でも祝日ですけど…
1:50:10,おおばさん,メンバー（6 か月）,ふんふん
1:50:22,ミーン・ショー,メンバー（6 か月）,たくさん配信うれしい
1:50:28,有形ゆうけい,メンバー（6 か月）,社長開き！？
1:50:35,サウザントほり,メンバー（6 か月）,加賀美開き！？
1:50:39,おおばさん,メンバー（6 か月）,加賀美ｗｗ
1:50:40,酒虎shutra,新規メンバー,1/11っす
1:50:49,えのころ,メンバー（6 か月）,1月11日または15日
1:50:51,ななつぼし,メンバー（2 か月）,社長死んでまうやん
1:50:53,星憶,非メンバー,みかんではないねｗ
1:50:54,ヴァルタ,非メンバー,元は橙なはず
1:50:59,マスピの影,非メンバー,よくご存じで
1:51:00,Justin V.,非メンバー,Hello merry christmas!
1:51:02,AkirikA あきりか,メンバー（6 か月）,加賀美開きは草
1:51:11,さくら桜,メンバー（6 か月）,７日は七草粥かな
1:51:15,志賀市,非メンバー,社長！？
1:51:15,えあ,新規メンバー,草
1:51:27,ネムアムリ,メンバー（2 か月）,社長の仕事開き的な
1:51:30,燐姫,メンバー（6 か月）,加賀美さん開いちゃ困っちゃう
1:51:56,ミーン・ショー,メンバー（6 か月）,へー
1:52:00,Justin V.,非メンバー,クリスマスにプレゼントはもらえますか？
1:52:02,えあ,新規メンバー,ですね
1:52:02,斬鬼さん,メンバー（6 か月）,そうなんだ
1:52:07,マスピの影,非メンバー,ちゃんと理由があるんだね～
1:52:10,星憶,非メンバー,正月はそういう理由がいろいろあるよねl、よくご存じで
1:52:10,琥珀酸,非メンバー,一月ですよー
1:52:10,ななつぼし,メンバー（2 か月）,:_elixirKusa::_elixirKusa::_elixirKusa::_elixirKusa::_elixirKusa::_elixirKusa::_elixirKusa:
1:52:20,おおばさん,メンバー（6 か月）,草
1:52:20,GSZX-R,非メンバー,草
1:52:25,あん九ろ,メンバー（6 か月）,草
1:52:30,雪音トワ,非メンバー,草
1:52:32,菱垣廻船,新規メンバー,ひな祭りなのよ菱餅は
1:52:39,つりねこ,非メンバー,旧暦だと春だからね
1:52:46,おおばさん,メンバー（6 か月）,これぞ七:_elixirKusa:～
1:52:51,酒虎shutra,新規メンバー,すまーん
1:52:52,卵自由,非メンバー,エルさんの名前の様な歌が。
1:52:55,星憶,非メンバー,ごめんて
1:52:57,ななつぼし,メンバー（2 か月）,かわいい
1:52:59,志賀市,非メンバー,かわわ
1:53:09,おおばさん,メンバー（6 か月）,ホットだけに！
1:53:18,ミーン・ショー,メンバー（6 か月）,ポリチ
1:53:21,おおばさん,メンバー（6 か月）,看病ボイスの･･･！
1:53:22,大車輪,メンバー（6 か月）,だんだんおせち料理よりも七草粥の方が美味しく食べられるようになってくる。
1:53:24,燐姫,メンバー（6 か月）,1富士2鷹3茄子～4扇子5煙草6座頭～
1:53:39,がおちゃ,非メンバー,春の七草と秋の七草はあります 夏と冬も一応ありますがあまり使われないですね
1:53:48,サウザントほり,メンバー（6 か月）,再販の時にぽちぃ！
1:53:55,有形ゆうけい,メンバー（6 か月）,HAHAHA！
1:53:59,にゃあにゃあにゃあ,メンバー（6 か月）,本来は旧暦の節句なので、現在の新暦では２月辺りに行われていた行事ですねー
1:53:59,えぬ,新規メンバー,再販待ってます・・・！
1:54:03,ミーン・ショー,メンバー（6 か月）,たぶん1年か2年くらいすると常設になるのかな
1:54:09,ななつぼし,メンバー（2 か月）,ほぇ～
1:54:11,Torte,メンバー（6 か月）,春夏秋冬七草ありますね〜
1:54:24,酒虎shutra,新規メンバー,日本文化説明エリ草さんたすかる
1:54:25,綺磨咲ボボンボンボ,メンバー（6 か月）,二十八草なのだ
1:54:31,おおばさん,メンバー（6 か月）,つい雑談を転がしたくなってしまう･･･
1:54:32,イカ,非メンバー,ニポンジン、７トイウ字スキ↑デスネェ
1:54:37,燐姫,メンバー（6 か月）,記憶ぅ～
1:55:06,テツ Vtuber切り抜き,メンバー（1 か月）,メリークリスマス🎁
1:55:09,PJ,非メンバー,服かわいい〜
1:55:09,ミーン・ショー,メンバー（6 か月）,おにょにょ
1:55:14,おおばさん,メンバー（6 か月）,うにゅにゅ
1:55:23,綺磨咲ボボンボンボ,メンバー（6 か月）,かわいい
1:56:15,有形ゆうけい,メンバー（6 か月）,家政婦のサンタ(どっち
1:56:23,酒虎shutra,新規メンバー,み...三田さん
1:56:28,ミーン・ショー,メンバー（6 か月）,クリスマスケーキわーい！
1:57:50,ネムアムリ,メンバー（2 か月）,怖い
1:57:50,酒虎shutra,新規メンバー,変態エリ草さん......
1:57:50,マスピの影,非メンバー,草
1:57:50,星憶,非メンバー,なんか出たｗ
1:57:53,えのころ,メンバー（6 か月）,上級者か
1:58:00,菱垣廻船,新規メンバー,もしもし、ポリスメン？
1:58:08,ネムアムリ,メンバー（2 か月）,:_elixirKusa:
1:58:10,えぬ,新規メンバー,成仏してもろて
1:58:11,おおばさん,メンバー（6 か月）,「ごめんなさい」
1:58:13,さくら桜,メンバー（6 か月）,リクエストに答えるんだ…
1:58:19,えあ,新規メンバー,草
1:58:19,有形ゆうけい,メンバー（6 か月）,ぷちさんじ(殺
1:58:21,星憶,非メンバー,つぶされとるｗ
1:58:22,おおばさん,メンバー（6 か月）,増えてるー！？
1:58:23,あん九ろ,メンバー（6 か月）,ごめんなさいたくさん聞けて助かった
1:58:26,ななつぼし,メンバー（2 か月）,:_elixirKusa:
1:58:28,大車輪,メンバー（6 か月）,エリー様は本当に律儀なお方…
1:58:30,ミーン・ショー,メンバー（6 か月）,草は踏まれて強くなるもの
1:58:35,ネムアムリ,メンバー（2 か月）,これは切り抜かれてしまいそうな
1:58:47,がおちゃ,非メンバー,キル数増えちゃってます！？
1:59:02,おおばさん,メンバー（6 か月）,ゆらゆらかわいい
1:59:47,えぬ,新規メンバー,かわいい
1:59:48,黒酢,メンバー（1 か月）,鼻歌助かる
1:59:55,火烤最美味,非メンバー,メリークリスマス
1:59:57,おおばさん,メンバー（6 か月）,まったりしますねぇ･･･
2:00:00,星憶,非メンバー,エリーちゃんの鼻歌で成仏しそう
2:00:05,ネムアムリ,メンバー（2 か月）,眠りを誘いそうな穏やかな曲ですね
2:00:53,もふ水[もふみず],メンバー（6 か月）,へ
2:00:55,サウザントほり,メンバー（6 か月）,へ
2:00:56,おおばさん,メンバー（6 か月）,このスパティー紹介タイムも本当に久々ですねぇ･･･
2:00:57,卵自由,非メンバー,へ
2:00:59,Torte,メンバー（6 か月）,お疲れ様〜へ
2:00:59,おおばさん,メンバー（6 か月）,ヘ
2:01:00,さくら桜,メンバー（6 か月）,へ
2:01:03,ネムアムリ,メンバー（2 か月）,へ
2:01:07,酒虎shutra,新規メンバー,へ
2:01:13,黒酢,メンバー（1 か月）,へ
2:01:16,大車輪,メンバー（6 か月）,へ( ＾ω＾ )へ
2:01:28,燐姫,メンバー（6 か月）,2時～ん
2:01:34,AkirikA あきりか,メンバー（6 か月）,本当によかった
2:01:44,おおばさん,メンバー（6 か月）,荒ぶる鷹のポーズ混ぜんでもろて
2:01:45,Torte,メンバー（6 か月）,体調よくなって本当によかった…
2:01:50,GSZX-R,非メンバー,(「・ω・)「
2:01:53,ネムアムリ,メンバー（2 か月）,治りかけが一番怖いので、ご油断なされぬようにですよ
2:01:57,えあ,新規メンバー,よかったよかった
2:02:04,酒虎shutra,新規メンバー,がおー
2:02:16,おおばさん,メンバー（6 か月）,してほしいです･･･
2:02:24,サウザントほり,メンバー（6 か月）,完治するまで長くかかるかもだけど頑張っていこうね！
2:02:24,新米おにーさん,非メンバー,治りますように南無南無
2:02:24,おおばさん,メンバー（6 か月）,あららら
2:02:35,大車輪,メンバー（6 か月）,回復したと聞いて本当に安堵しました。冬は普通の人でも筋肉がこわばりやすいのでお気をつけて
2:02:35,あまもーど,メンバー（6 か月）,ご無理なさらずに…！
2:02:40,おおばさん,メンバー（6 か月）,ええ、ええ
2:02:42,Torte,メンバー（6 か月）,無理だけはせんでね
2:02:45,ラムキシ,非メンバー,ご自愛ください。
2:02:46,えぬ,新規メンバー,かまへんかまへん
2:02:50,卵自由,非メンバー,大事にできてえらい！
2:02:58,ねるね,メンバー（6 か月）,歌枠も復活楽しみにしてます
2:03:01,AkirikA あきりか,メンバー（6 か月）,自分の体を一番わかってるのはエリーちゃんなので切り上げの判断は忘れずに…！
2:03:12,黒酢,メンバー（1 か月）,ライバーが暖かいからリスナーも暖かいのよ
2:03:22,ネムアムリ,メンバー（2 か月）,もうそんな時間に？！
2:03:34,えあ,新規メンバー,またEDMを感じないように…
2:03:43,ミーン・ショー,メンバー（6 か月）,よく眠れそうです～
2:03:43,おおばさん,メンバー（6 か月）,わー！
2:03:45,あん九ろ,メンバー（6 か月）,おつエリー
2:03:48,卵自由,非メンバー,また明日ですー
2:03:52,おおばさん,メンバー（6 か月）,明日お会いしましょうー！
2:03:52,GSZX-R,非メンバー,お疲れ様でした
2:03:52,AkirikA あきりか,メンバー（6 か月）,:_elixirOoo:つ:_elixirEli::_elixirRibon:
2:03:54,さくら桜,メンバー（6 か月）,ゆっくり休んでください
2:03:56,斬鬼さん,メンバー（6 か月）,また明日です！
2:03:58,クジラ博士,非メンバー,また明日ね
2:04:13,AkirikA あきりか,メンバー（6 か月）,はーい
2:04:22,おおばさん,メンバー（6 か月）,いつも丁寧な告知ありがとうございます
2:04:27,まちのーと,非メンバー,おつエリークリスマス！！またね～！
2:04:29,あまもーど,メンバー（6 か月）,おつエリー！
2:04:32,ミーン・ショー,メンバー（6 か月）,:_elixirOoo:つ:_elixirEli::_elixirRibon:
2:04:33,Ariq Fajar,非メンバー,oyasumi~
2:04:37,UnoriginalBen,非メンバー,🎄byebye
2:04:44,もふ水[もふみず],メンバー（6 か月）,:_elixirOoo:つ:_elixirEli::_elixirRibon::_elixirDede::_elixirHaha::_elixirDede::_elixirHaha::_elixirRibon:
2:04:45,星憶,非メンバー,おつエリー！
2:04:46,サウザントほり,メンバー（6 か月）,:_elixirOoo:つ:_elixirEli::_elixirRibon::_elixirDede::_elixirHaha::_elixirDede::_elixirHaha::_elixirRibon:
2:04:49,志賀市,非メンバー,おつエリー！
2:04:51,GSZX-R,非メンバー,おつエリー
2:04:53,斬鬼さん,メンバー（6 か月）,おつエリー！
2:04:54,響桜,メンバー（6 か月）,:_elixirOoo:つ:_elixirEli::_elixirRibon:
2:04:57,ぶいけー,メンバー（6 か月）,おつエリー🎄
2:05:00,あまなえつかさ,メンバー（6 か月）,おつエリー
2:05:05,ミーン・ショー,メンバー（6 か月）,また明日ー！クリスマスケーキ買ってきますー！
2:05:09,エンダーヴァリー,メンバー（6 か月）,おつ:_elixirEli::_elixirRibon:
2:05:11,n gure,非メンバー,おつエリ～！
2:05:15,AkirikA あきりか,メンバー（6 か月）,かわいい
2:05:18,Phantom ファントム,非メンバー,おつエリー
2:05:20,卵自由,非メンバー,ぱぁ！かわいい
2:05:21,おおばさん,メンバー（6 か月）,笑顔すてき･･･
2:05:21,okibo,メンバー（6 か月）,おつエリー
2:05:29,ななつぼし,メンバー（2 か月）,かわいい
2:05:33,卵自由,非メンバー,おつエリー
2:05:36,ミーン・ショー,メンバー（6 か月）,かわいい
